[HN] Công Ty Aimenext Tuyển Dụng Lập Trình Viên Mobile Apps Full-time 2021,[HN] Công Ty Aimenext ,9 giờ trước,Yêu cầu ứng viên phải có kinh nghiệm, Thỏa thuận, Hà Nội, Lập trình, Toàn thời gian
" [HN] Công Ty Công Nghệ BASE.VN Tuyển Dụng Full-time: Customer Onboarding (Triển Khai PM), CO Admin, Customer Development Admin & B2B Sales (Thu Nhập Lên Đến 60,000,000 VNĐ)", [HN] Công Ty Công Nghệ BASE.VN ,7 ngày trước,Không cần kinh nghiệm - Đừng lo! Chúng tôi sẽ đào tạo bạn từ đầu. Có kinh nghiệm là điểm cộng!, Từ 10 Triệu - Dưới 15 Triệu VNĐ / Tháng; Từ 15 Triệu - Dưới 20 Triệu VNĐ / Tháng, Hà Nội, Bán hàng (Sales); Khác, Toàn thời gian
[HN] Công Ty Aimenext Tuyển Dụng Lập Trình Viên Frontened Full-time 2021,[HN] Công Ty Aimenext ,9 giờ trước,Yêu cầu ứng viên phải có kinh nghiệm, Thỏa thuận, Hà Nội, Lập trình, Toàn thời gian
"[HCM/Online] Chương Trình Summer Internship (3 Tháng) Dành Cho Sinh Viên Năm 2 Đến Năm 4 Tại Tổ Chức Giáo Dục Đa Quốc Gia Virtual Internships 2021 (Marketing, Partnership, Admission, IT)","[HCM/Online] Chương Trình Summer Internship (3 Tháng) Dành Cho Sinh Viên Năm 2 Đến Năm 4 Tại Tổ Chức Giáo Dục Đa Quốc Gia Virtual Internships 2021 (Marketing, Partnership, Admission, IT",4 ngày trước,Không cần kinh nghiệm - Đừng lo! Chúng tôi sẽ đào tạo bạn từ đầu. Có kinh nghiệm là điểm cộng!, Từ 4 Triệu - Dưới 8 Triệu VNĐ / Tháng, Hồ Chí Minh, Bán hàng (Sales); Khác, Thực tập; Toàn thời gian
[HCM] Công Ty Công Nghệ Meu Solutions Tuyển Dụng Nhân Viên Nodejs Developer Full-time 2021,[HCM] Công Ty Công Nghệ Meu Solutions ,9 giờ trước,Yêu cầu ứng viên phải có kinh nghiệm, Thỏa thuận, Hồ Chí Minh, Lập trình, Toàn thời gian
"[HN] Công Ty SHB Tuyển Dụng Chuyên Viên Tư Vấn, Chăm Sóc Khách Hàng Full-time 2021",[HN] Công Ty SHB ,9 giờ trước,Không cần kinh nghiệm - Đừng lo! Chúng tôi sẽ đào tạo bạn từ đầu. Có kinh nghiệm là điểm cộng!, Từ 10 Triệu - Dưới 15 Triệu VNĐ / Tháng, Hà Nội, Khác, Toàn thời gian
[HCM] Công Ty Cổ Phần Tekmedi Tuyển Dụng Nhân Viên Phát Triển NodeJS Full-time 2021,[HCM] Công Ty Cổ Phần Tekmedi ,10 giờ trước,Yêu cầu ứng viên phải có kinh nghiệm, Thỏa thuận, Hồ Chí Minh, Lập trình, Toàn thời gian
[HCM] Công Ty Aziworld Tuyển Dụng Thực Tâp Sinh Lập Trình FrontEnd Part-time/Full-time 2021,[HCM] Công Ty Aziworld ,10 giờ trước,Không cần kinh nghiệm - Đừng lo! Chúng tôi sẽ đào tạo bạn từ đầu. Có kinh nghiệm là điểm cộng!, Từ 1 Triệu - Dưới 4 Triệu VNĐ / Tháng, Hồ Chí Minh, Lập trình, Thực tập; Toàn thời gian; Bán thời gian
[HN] Công Ty Aimenext Tuyển Dụng Kỹ Sư AI Full-time 2021,[HN] Công Ty Aimenext ,10 giờ trước,Yêu cầu ứng viên phải có kinh nghiệm, Thỏa thuận, Hà Nội, Lập trình, Toàn thời gian
[HCM] Công Ty Aziworld Tuyển Dụng Thực Tâp Sinh Lập Trình FrontEnd Part-time/Full-time 2021,[HCM] Công Ty Aziworld ,15 giờ trước,Không cần kinh nghiệm - Đừng lo! Chúng tôi sẽ đào tạo bạn từ đầu. Có kinh nghiệm là điểm cộng!, Từ 1 Triệu - Dưới 4 Triệu VNĐ / Tháng, Hồ Chí Minh, Lập trình, Thực tập; Toàn thời gian; Bán thời gian
[HCM] Công Ty Logistics Đa Quốc Gia Kuehne + Nagel Group Tuyển Dụng Thực Tập Sinh IT Full-time 2021,[HCM] Công Ty Logistics Đa Quốc Gia Kuehne + Nagel Group ,16 giờ trước,Không cần kinh nghiệm - Đừng lo! Chúng tôi sẽ đào tạo bạn từ đầu. Có kinh nghiệm là điểm cộng!, Thỏa thuận, Hồ Chí Minh, Lập trình, Thực tập; Toàn thời gian
[HCM] Nội Thất Kim Cương Tuyển Dụng Nhân Viên Quản Trị Web Và SEO Web Full-time 2021,[HCM] Nội Thất Kim Cương ,22 giờ trước,Không cần kinh nghiệm - Đừng lo! Chúng tôi sẽ đào tạo bạn từ đầu. Có kinh nghiệm là điểm cộng!; Yêu cầu ứng viên phải có kinh nghiệm, Từ 10 Triệu - Dưới 15 Triệu VNĐ / Tháng; Từ 8 Triệu - Dưới 10 Triệu VNĐ / Tháng, Hồ Chí Minh, Lập trình, Toàn thời gian
[HN] Công Ty Giáo Dục Edmicro Tuyển Dụng Lập Trình Viên Angular Full-time 2021,[HN] Công Ty Giáo Dục Edmicro ,23 giờ trước,Yêu cầu ứng viên phải có kinh nghiệm, Thỏa thuận, Hà Nội, Lập trình, Toàn thời gian
[HN] Tập Đoàn Đa Quốc Gia KPMG Tuyển Dụng Fresher SAP ABAP Developer Full-time 2021,[HN] Tập Đoàn Đa Quốc Gia KPMG ,23 giờ trước,Không cần kinh nghiệm - Đừng lo! Chúng tôi sẽ đào tạo bạn từ đầu. Có kinh nghiệm là điểm cộng!; Yêu cầu ứng viên phải có kinh nghiệm, Thỏa thuận, Hà Nội, Lập trình, Toàn thời gian
[HCM] Tập Đoàn Đa Quốc Gia KPMG Tuyển Dụng Nhân Viên Fresher Oracle Technical Developer Full-time 2021,[HCM] Tập Đoàn Đa Quốc Gia KPMG ,,Không cần kinh nghiệm - Đừng lo! Chúng tôi sẽ đào tạo bạn từ đầu. Có kinh nghiệm là điểm cộng!; Yêu cầu ứng viên phải có kinh nghiệm, Thỏa thuận, Hồ Chí Minh, Lập trình, Toàn thời gian
[HN] Công Ty The Human Tuyển Dụng Lập Trình Viên Front-end Full-time 2021 ,[HN] Công Ty The Human ,,Yêu cầu ứng viên phải có kinh nghiệm, Từ 15 Triệu - Dưới 20 Triệu VNĐ / Tháng, Hà Nội, Lập trình, Toàn thời gian
[HCM] Công Ty Minerva Tuyển Dụng Thực Tập Sinh Backend Developer Full-time 2021,[HCM] Công Ty Minerva ,,Không cần kinh nghiệm - Đừng lo! Chúng tôi sẽ đào tạo bạn từ đầu. Có kinh nghiệm là điểm cộng!, Thỏa thuận, Hồ Chí Minh, Lập trình, Thực tập; Toàn thời gian
[HCM] Thương Hiệu Giày Rens Original Tuyển Dụng Nhân Viên Senior Full Stack Developer Full-time 2021,[HCM] Thương Hiệu Giày Rens Original ,,Yêu cầu ứng viên phải có kinh nghiệm; Không cần kinh nghiệm - Đừng lo! Chúng tôi sẽ đào tạo bạn từ đầu. Có kinh nghiệm là điểm cộng!, Thỏa thuận, Hồ Chí Minh, Lập trình, Toàn thời gian
[Đồng Tháp] Công Ty Greenapps Tuyển Dụng Web Developer Full-time 2021,[Đồng Tháp] Công Ty Greenapps ,,Yêu cầu ứng viên phải có kinh nghiệm, Thỏa thuận, Khác, Lập trình, Toàn thời gian
[HCM] Tập Đoàn Đa Quốc Gia KPMG Tuyển Dụng .NET Developer Full-time 2021,[HCM] Tập Đoàn Đa Quốc Gia KPMG ,,Không cần kinh nghiệm - Đừng lo! Chúng tôi sẽ đào tạo bạn từ đầu. Có kinh nghiệm là điểm cộng!; Yêu cầu ứng viên phải có kinh nghiệm, Thỏa thuận, Hồ Chí Minh, Lập trình, Toàn thời gian
[HN] Công Ty Công Nghệ BSS Group Tuyển Dụng Software Tester Full-time 2021,[HN] Công Ty Công Nghệ BSS Group ,,Không cần kinh nghiệm - Đừng lo! Chúng tôi sẽ đào tạo bạn từ đầu. Có kinh nghiệm là điểm cộng!, Từ 8 Triệu - Dưới 10 Triệu VNĐ / Tháng, Hà Nội, Lập trình, Toàn thời gian
"[HN] Fintech 3tit Tuyển Dụng Nhiều Vị Trí Full-time: Lập Trình Viên Backend Developer, Phân Tích Nghiệp Vụ Kinh Doanh (BA) 2021",[HN] Fintech 3tit ,,Yêu cầu ứng viên phải có kinh nghiệm, Thỏa thuận; Từ 10 Triệu - Dưới 15 Triệu VNĐ / Tháng, Hà Nội, Lập trình, Toàn thời gian
[HN] Công Ty iCOMM Việt Nam Tuyển Dụng Backend - Developer Full-time 2021,[HN] Công Ty iCOMM Việt Nam ,,Yêu cầu ứng viên phải có kinh nghiệm, Từ 10 Triệu - Dưới 15 Triệu VNĐ / Tháng; Từ 20 Triệu VNĐ trở lên / Tháng; Từ 15 Triệu - Dưới 20 Triệu VNĐ / Tháng, Hà Nội, Lập trình, Toàn thời gian
[HN] Trung Tâm Anh Ngữ VUS Tuyển Dụng Nhân Viên Nhân Viên IT Help Desk Full-time 2021,[HN] Trung Tâm Anh Ngữ VUS ,,Yêu cầu ứng viên phải có kinh nghiệm, Từ 8 Triệu - Dưới 10 Triệu VNĐ / Tháng, Hà Nội, Lập trình, Toàn thời gian
[HCM] N&V Bridge Group Tuyển Dụng Lập Trình Viên IT Part-time/Full-time 2021,[HCM] N&V Bridge Group ,,Yêu cầu ứng viên phải có kinh nghiệm, Từ 20 Triệu VNĐ trở lên / Tháng; Thỏa thuận, Hà Nội, Lập trình, Toàn thời gian; Bán thời gian
"[HN] Công Ty Phần Mềm 365 Software JSC Tuyển Dụng Full-time: Nhân Viên SEO Marketing, Tư Vấn Phần Mềm Doanh Nghiệp & IT Support 2021",[HN] Công Ty Phần Mềm 365 Software JSC ,3 ngày trước,Không cần kinh nghiệm - Đừng lo! Chúng tôi sẽ đào tạo bạn từ đầu. Có kinh nghiệm là điểm cộng!; Yêu cầu ứng viên phải có kinh nghiệm, Từ 4 Triệu - Dưới 8 Triệu VNĐ / Tháng, Hà Nội, Bán hàng (Sales), Toàn thời gian
[HN] Công Ty Công Nghệ Techlab Tuyển Dụng Thực Tập Sinh IOS Developer Part-time/Full-time 2021,[HN] Công Ty Công Nghệ Techlab ,3 ngày trước,Không cần kinh nghiệm - Đừng lo! Chúng tôi sẽ đào tạo bạn từ đầu. Có kinh nghiệm là điểm cộng!, Từ 1 Triệu - Dưới 4 Triệu VNĐ / Tháng; Từ 4 Triệu - Dưới 8 Triệu VNĐ / Tháng, Hà Nội, Lập trình, Thực tập; Bán thời gian; Toàn thời gian
[HCM] Công Ty Giải Pháp Công Nghệ Minerva Tuyển Dụng Thực Tập Sinh Tester Full-time 2021,[HCM] Công Ty Giải Pháp Công Nghệ Minerva ,3 ngày trước,Không cần kinh nghiệm - Đừng lo! Chúng tôi sẽ đào tạo bạn từ đầu. Có kinh nghiệm là điểm cộng!, Thỏa thuận, Hồ Chí Minh, Lập trình, Thực tập; Toàn thời gian
[HCM] Công Ty Ez Technology (EZ Games) Tuyển Dụng Chuyên Gia QC Full-time 2021,[HCM] Công Ty Ez Technology (EZ Games) ,4 ngày trước,Yêu cầu ứng viên phải có kinh nghiệm, Thỏa thuận, Hồ Chí Minh, Lập trình, Toàn thời gian
"[HCM/Online] Chương Trình Summer Internship (3 Tháng) Dành Cho Sinh Viên Năm 2 Đến Năm 4 Tại Tổ Chức Giáo Dục Đa Quốc Gia Virtual Internships 2021 (Marketing, Partnership, Admission, IT)","[HCM/Online] Chương Trình Summer Internship (3 Tháng) Dành Cho Sinh Viên Năm 2 Đến Năm 4 Tại Tổ Chức Giáo Dục Đa Quốc Gia Virtual Internships 2021 (Marketing, Partnership, Admission, IT",4 ngày trước,Không cần kinh nghiệm - Đừng lo! Chúng tôi sẽ đào tạo bạn từ đầu. Có kinh nghiệm là điểm cộng!, Từ 4 Triệu - Dưới 8 Triệu VNĐ / Tháng, Hồ Chí Minh, Bán hàng (Sales); Khác, Thực tập; Toàn thời gian
[HN] Công Ty Công Nghệ OpenCommerce Group Tuyển Dụng IT Helpdesk/Technical Support Full-time 2020,[HN] Công Ty Công Nghệ OpenCommerce Group ,4 ngày trước,Yêu cầu ứng viên phải có kinh nghiệm, Thỏa thuận, Hà Nội, Lập trình, Toàn thời gian
[HN] Ứng Dụng Dạy Ngoại Ngữ Cho Trẻ Em Monkey Việt Nam Tuyển Dụng Thực Tập Sinh C++ Part-time/Full-time 2021,[HN] Ứng Dụng Dạy Ngoại Ngữ Cho Trẻ Em Monkey Việt Nam ,4 ngày trước,Không cần kinh nghiệm - Đừng lo! Chúng tôi sẽ đào tạo bạn từ đầu. Có kinh nghiệm là điểm cộng!, Từ 8 Triệu - Dưới 10 Triệu VNĐ / Tháng; Từ 4 Triệu - Dưới 8 Triệu VNĐ / Tháng; Từ 10 Triệu - Dưới 15 Triệu VNĐ / Tháng, Hà Nội, Lập trình, Toàn thời gian; Bán thời gian
[HN] Team Nghiên Cứu Desharko Tuyển Dụng Nhân Viên IT Full-time 2021,[HN] Team Nghiên Cứu Desharko ,4 ngày trước,Không cần kinh nghiệm - Đừng lo! Chúng tôi sẽ đào tạo bạn từ đầu. Có kinh nghiệm là điểm cộng!; Yêu cầu ứng viên phải có kinh nghiệm, Từ 8 Triệu - Dưới 10 Triệu VNĐ / Tháng; Từ 10 Triệu - Dưới 15 Triệu VNĐ / Tháng, Hà Nội, Lập trình, Toàn thời gian
[HCM] GeoComply Tuyển Dụng Thực Tập Sinh Lập Trình Full-time 2021,[HCM] GeoComply ,4 ngày trước,Không cần kinh nghiệm - Đừng lo! Chúng tôi sẽ đào tạo bạn từ đầu. Có kinh nghiệm là điểm cộng!, Thỏa thuận, Hồ Chí Minh, Lập trình, Thực tập; Toàn thời gian
Văn Phòng Thông Báo Và Hỏi Đáp Quốc Gia Về Tiêu Chuẩn – Đo Lường – Chất Lượng (Văn Phòng TBT Việt Nam) Tuyển Dụng Viên Chức 2021,Văn Phòng Thông Báo Và Hỏi Đáp Quốc Gia Về Tiêu Chuẩn – Đo Lường – Chất Lượng (Văn Phòng TBT Việt Nam) ,5 ngày trước,Không cần kinh nghiệm - Đừng lo! Chúng tôi sẽ đào tạo bạn từ đầu. Có kinh nghiệm là điểm cộng!, Thỏa thuận, Hà Nội," Lập trình; Hành chính, Nhân sự; Marketing, Truyền Thông, PR", Toàn thời gian
[HN] Công Ty Icomm Việt Nam Tuyển Dụng Thực Tập Sinh Hệ Thống Full-time 2021,[HN] Công Ty Icomm Việt Nam ,5 ngày trước,Không cần kinh nghiệm - Đừng lo! Chúng tôi sẽ đào tạo bạn từ đầu. Có kinh nghiệm là điểm cộng!, Thỏa thuận, Hà Nội, Lập trình, Toàn thời gian; Bán thời gian
[HN] Công Ty Icomm Việt Nam Tuyển Dụng Front End- Developer Full-time 2021,[HN] Công Ty Icomm Việt Nam ,5 ngày trước,Không cần kinh nghiệm - Đừng lo! Chúng tôi sẽ đào tạo bạn từ đầu. Có kinh nghiệm là điểm cộng!; Yêu cầu ứng viên phải có kinh nghiệm, Từ 10 Triệu - Dưới 15 Triệu VNĐ / Tháng, Hà Nội, Lập trình, Toàn thời gian
"[HN] Công Ty Về App Và Game Apero Tuyển Dụng Nhiều Vị Trí Nhân Viên: Fullstack Developer, IOS Dev, Markerter,... Full-time 2021",[HN] Công Ty Về App Và Game Apero ,5 ngày trước,Yêu cầu ứng viên phải có kinh nghiệm, Từ 15 Triệu - Dưới 20 Triệu VNĐ / Tháng; Từ 10 Triệu - Dưới 15 Triệu VNĐ / Tháng; Từ 20 Triệu VNĐ trở lên / Tháng, Hà Nội, Lập trình, Toàn thời gian
[HN] VTC Online Tuyển Dụng Nhân Viên Vận Hành Game Full-time 2021,[HN] VTC Online ,6 ngày trước,Yêu cầu ứng viên phải có kinh nghiệm; Không cần kinh nghiệm - Đừng lo! Chúng tôi sẽ đào tạo bạn từ đầu. Có kinh nghiệm là điểm cộng!, Từ 8 Triệu - Dưới 10 Triệu VNĐ / Tháng, Hà Nội, Lập trình, Toàn thời gian
"[HN] Công Ty Smiletech Công Nghệ Số Tuyển Dụng Part-time/Full-time Các Vị Trí: Nhân Viên Kinh Doanh, Thực Tập Sinh Marketing, Cộng Tác Viên Kinh Doanh, Nhân Viên Lập Trình 2021",[HN] Công Ty Smiletech Công Nghệ Số ,6 ngày trước,Không cần kinh nghiệm - Đừng lo! Chúng tôi sẽ đào tạo bạn từ đầu. Có kinh nghiệm là điểm cộng!; Yêu cầu ứng viên phải có kinh nghiệm, Thỏa thuận, Hà Nội," Marketing, Truyền Thông, PR; Lập trình; Bán hàng (Sales)", Toàn thời gian; Bán thời gian; Thực tập; Khác
[HCM] Đại Trường Phát Tuyển Dụng Nhân Viên Thiết Kế Đồ Hoạ Full-time 2021 ,[HCM] Đại Trường Phát ,6 ngày trước,Yêu cầu ứng viên phải có kinh nghiệm, Thỏa thuận; Từ 8 Triệu - Dưới 10 Triệu VNĐ / Tháng, Hồ Chí Minh, Thiết kế; Lập trình; Khác, Toàn thời gian
[HN] Tập Đoàn BRG Group Tuyển Dụng Nhân Viên Hỗ Trợ Người Dùng (It Support) Full-time 2021,[HN] Tập Đoàn BRG Group ,6 ngày trước,Yêu cầu ứng viên phải có kinh nghiệm, Thỏa thuận, Hà Nội, Lập trình, Toàn thời gian
[HCM] Sàn Thương Mại Điện Tử Xuyên Biên Giới Fado.vn Tuyển Dụng Thực Tập Sinh Backend Developer Full-time 2021,[HCM] Sàn Thương Mại Điện Tử Xuyên Biên Giới Fado.vn ,6 ngày trước,Không cần kinh nghiệm - Đừng lo! Chúng tôi sẽ đào tạo bạn từ đầu. Có kinh nghiệm là điểm cộng!, Thỏa thuận, Hồ Chí Minh, Lập trình, Thực tập; Toàn thời gian
"[HN] Công Ty Viễn Thông Di Động Vietnamobile Tuyển Dụng Nhiều Vị Trí Full-time: Kỹ Sư IT Security, Nhân Viên Quản Lý Sản Phẩm , Nhân Viên Accounting Receivable 2021",[HN] Công Ty Viễn Thông Di Động Vietnamobile ,6 ngày trước,Yêu cầu ứng viên phải có kinh nghiệm, Thỏa thuận, Hà Nội," Marketing, Truyền Thông, PR; Lập trình; Khác", Toàn thời gian
[HN] Công Ty Gobysend Cung Cấp Nền Tảng Marketing Đa Kênh Tuyển Dụng Thực Tập Sinh Tester Part-time/ Full-time 2021,[HN] Công Ty Gobysend Cung Cấp Nền Tảng Marketing Đa Kênh ,6 ngày trước,Không cần kinh nghiệm - Đừng lo! Chúng tôi sẽ đào tạo bạn từ đầu. Có kinh nghiệm là điểm cộng!, Thỏa thuận, Hà Nội, Lập trình, Thực tập; Toàn thời gian; Bán thời gian
" [HN] Công Ty Công Nghệ BASE.VN Tuyển Dụng Full-time: Customer Onboarding (Triển Khai PM), CO Admin, Customer Development Admin & B2B Sales (Thu Nhập Lên Đến 60,000,000 VNĐ)", [HN] Công Ty Công Nghệ BASE.VN ,7 ngày trước,Không cần kinh nghiệm - Đừng lo! Chúng tôi sẽ đào tạo bạn từ đầu. Có kinh nghiệm là điểm cộng!, Từ 10 Triệu - Dưới 15 Triệu VNĐ / Tháng; Từ 15 Triệu - Dưới 20 Triệu VNĐ / Tháng, Hà Nội, Bán hàng (Sales); Khác, Toàn thời gian
[HCM] Datavtech Tuyển Dụng Kỹ Sư Phát Triển Phần Mềm Part-time/ Full-time 2021,[HCM] Datavtech ,7 ngày trước,Không cần kinh nghiệm - Đừng lo! Chúng tôi sẽ đào tạo bạn từ đầu. Có kinh nghiệm là điểm cộng!; Yêu cầu ứng viên phải có kinh nghiệm, Từ 8 Triệu - Dưới 10 Triệu VNĐ / Tháng; Từ 10 Triệu - Dưới 15 Triệu VNĐ / Tháng; Từ 4 Triệu - Dưới 8 Triệu VNĐ / Tháng, Hồ Chí Minh, Lập trình, Toàn thời gian; Bán thời gian
"[HN] Công Ty Công Nghệ Bluebelt Tuyển Dụng Nhân Viên Java Developer, Mobile Developer Full-time 2021",[HN] Công Ty Công Nghệ Bluebelt ,7 ngày trước,Yêu cầu ứng viên phải có kinh nghiệm, Thỏa thuận, Hà Nội, Lập trình, Toàn thời gian
[HN] Công Ty Công Nghệ Garena Tuyển Dụng Cộng Tác Viên Vận Hành Sản Phẩm FreeFire Full-time 2021,[HN] Công Ty Công Nghệ Garena ,7 ngày trước,Yêu cầu ứng viên phải có kinh nghiệm; Không cần kinh nghiệm - Đừng lo! Chúng tôi sẽ đào tạo bạn từ đầu. Có kinh nghiệm là điểm cộng!, Thỏa thuận, Hà Nội, Lập trình, Toàn thời gian
[HN] Công Ty Bluebelt Tuyển Dụng Tuyển Dụng Frontend Developer (HTML/CSS/Wordpress) Full-time 2021,[HN] Công Ty Bluebelt ,7 ngày trước,Yêu cầu ứng viên phải có kinh nghiệm, Thỏa thuận, Hà Nội, Lập trình, Toàn thời gian
[HN] Công Ty Về App Và Game Apero Tuyển Dụng Nhân Viên Android Dev Full-time 2021,[HN] Công Ty Về App Và Game Apero ,7 ngày trước,Yêu cầu ứng viên phải có kinh nghiệm; Không cần kinh nghiệm - Đừng lo! Chúng tôi sẽ đào tạo bạn từ đầu. Có kinh nghiệm là điểm cộng!, Từ 8 Triệu - Dưới 10 Triệu VNĐ / Tháng; Từ 4 Triệu - Dưới 8 Triệu VNĐ / Tháng; Từ 10 Triệu - Dưới 15 Triệu VNĐ / Tháng, Hà Nội, Lập trình, Toàn thời gian
[HN] Công Ty Pixelz Tuyển Dụng Lập Trình Viên . Net (Junior Và Senior) Full-time 2021,[HN] Công Ty Pixelz ,7 ngày trước,Yêu cầu ứng viên phải có kinh nghiệm; Không cần kinh nghiệm - Đừng lo! Chúng tôi sẽ đào tạo bạn từ đầu. Có kinh nghiệm là điểm cộng!, Thỏa thuận, Hà Nội, Lập trình, Toàn thời gian
[HN] Công Ty Arrowhitech Jsc Tuyển Dụng Nhân Viên IT Helpdesk Full-time 2021,[HN] Công Ty Arrowhitech Jsc ,7 ngày trước,Yêu cầu ứng viên phải có kinh nghiệm, Thỏa thuận, Hà Nội, Lập trình, Toàn thời gian
[HCM] Athena Studio Tuyển Dụng Nhân Viên Phát Triển Lead Game Full-time 2021,[HCM] Athena Studio ,8 ngày trước,Yêu cầu ứng viên phải có kinh nghiệm, Thỏa thuận, Hồ Chí Minh, Lập trình, Toàn thời gian
"[HCM/ĐN] Công Ty Công Nghệ FPT Software Tuyển Dụng Full-time Các Vị Trí: Junior Cloud Development, Automation Testing, C++ Engineer,...2021",[HCM/ĐN] Công Ty Công Nghệ FPT Software ,8 ngày trước,Yêu cầu ứng viên phải có kinh nghiệm, Thỏa thuận, Hồ Chí Minh; Đà Nẵng, Lập trình, Toàn thời gian
[HN] TTC Solutions Tuyển Dụng Chuyên Viên Kiểm Thử Phần Mềm Full-time 2021,[HN] TTC Solutions ,8 ngày trước,Yêu cầu ứng viên phải có kinh nghiệm, Từ 15 Triệu - Dưới 20 Triệu VNĐ / Tháng, Hà Nội, Lập trình, Toàn thời gian
[HCM] Công Ty Phần Mềm FPT (FPT Software) Tuyển Dụng Fresher Quality Assurance Full-time 2021,[HCM] Công Ty Phần Mềm FPT (FPT Software) ,8 ngày trước,Không cần kinh nghiệm - Đừng lo! Chúng tôi sẽ đào tạo bạn từ đầu. Có kinh nghiệm là điểm cộng!, Thỏa thuận, Hồ Chí Minh, Lập trình, Toàn thời gian
"[HN] Vinpearl Tuyển Dụng Chuyên Viên Quản Lý Kinh Doanh, Quản Lý Công Nghệ Thông Tin Full-time 2021",[HN] Vinpearl ,8 ngày trước,Yêu cầu ứng viên phải có kinh nghiệm, Thỏa thuận, Hà Nội," Business/ Data Analyst, Business Intelligence(Phân Tích Kinh Doanh); Lập trình", Toàn thời gian
[HCM] Công Ty Phần Mềm FPT (FPT Software) Tuyển Dụng Nhân Viên On-Job-Training SQL Full-time 2021,[HCM] Công Ty Phần Mềm FPT (FPT Software) ,8 ngày trước,Không cần kinh nghiệm - Đừng lo! Chúng tôi sẽ đào tạo bạn từ đầu. Có kinh nghiệm là điểm cộng!; Yêu cầu ứng viên phải có kinh nghiệm, Thỏa thuận, Hồ Chí Minh, Lập trình, Toàn thời gian
[HN] Ứng Dụng Dạy Ngoại Ngữ Cho Trẻ Em Monkey Việt Nam Tuyển Dụng Nhân Viên Hỗ Trợ Kỹ Thuật Part-time 2021,[HN] Ứng Dụng Dạy Ngoại Ngữ Cho Trẻ Em Monkey Việt Nam ,8 ngày trước,Không cần kinh nghiệm - Đừng lo! Chúng tôi sẽ đào tạo bạn từ đầu. Có kinh nghiệm là điểm cộng!; Yêu cầu ứng viên phải có kinh nghiệm, Từ 1 Triệu - Dưới 4 Triệu VNĐ / Tháng, Hà Nội, Lập trình, Bán thời gian
[HN] Công Ty Tuyển Dụng Quốc Tế One Arrow Consulting Group Tuyển Dụng Thực Tập Sinh IT Recruitment Consultant Full-time 2021,[HN] Công Ty ,8 ngày trước,Không cần kinh nghiệm - Đừng lo! Chúng tôi sẽ đào tạo bạn từ đầu. Có kinh nghiệm là điểm cộng!; Yêu cầu ứng viên phải có kinh nghiệm, Thỏa thuận, Hà Nội, Lập trình, Toàn thời gian; Thực tập
[HN] Công Ty Gobysend Cung Cấp Nền Tảng Marketing Đa Kênh Tuyển Dụng Nhân Viên Front-end Developer Full-time 2021,[HN] Công Ty Gobysend Cung Cấp Nền Tảng Marketing Đa Kênh ,8 ngày trước,Yêu cầu ứng viên phải có kinh nghiệm, Thỏa thuận, Hà Nội, Lập trình, Toàn thời gian
[HCM] Công Ty Vua Thảm Việt Nam Tuyển Dụng Nhân Viên IT Full-time 2021,[HCM] Công Ty Vua Thảm Việt Nam ,8 ngày trước,Yêu cầu ứng viên phải có kinh nghiệm, Từ 15 Triệu - Dưới 20 Triệu VNĐ / Tháng; Từ 20 Triệu VNĐ trở lên / Tháng, Hồ Chí Minh, Lập trình, Toàn thời gian
[Startup-HCM] Công Ty Công Nghệ Âm Nhạc Amanotes Tuyển Dụng Chuyên Viên IT Operator Full-time 2021,[Startup-HCM] Công Ty Công Nghệ Âm Nhạc Amanotes ,8 ngày trước,Yêu cầu ứng viên phải có kinh nghiệm, Thỏa thuận, Hồ Chí Minh, Lập trình, Toàn thời gian
[HN] Techvify Tuyển Dụng Nhân Viên Dev Java Mulesoft Part-time 2021,[HN] Techvify ,8 ngày trước,Yêu cầu ứng viên phải có kinh nghiệm, Thỏa thuận, Hà Nội, Lập trình, Bán thời gian; Online
[HN] Công Ty Thiết Kế Thương Mại DLS Tuyển Dụng PHP Developer Full-time 2021,[HN] Công Ty Thiết Kế Thương Mại DLS ,8 ngày trước,Yêu cầu ứng viên phải có kinh nghiệm, Thỏa thuận, Hà Nội, Lập trình, Toàn thời gian
[HCM] Ban Quản Lý Khu Nông Nghiệp Công Nghệ Cao TP. Hồ Chí Minh Tuyển Dụng Viên Chức 2021,[HCM] Ban Quản Lý Khu Nông Nghiệp Công Nghệ Cao TP. Hồ Chí Minh ,9 ngày trước,Không cần kinh nghiệm - Đừng lo! Chúng tôi sẽ đào tạo bạn từ đầu. Có kinh nghiệm là điểm cộng!, Thỏa thuận, Hồ Chí Minh," Hành chính, Nhân sự; Business/ Data Analyst, Business Intelligence(Phân Tích Kinh Doanh); Lập trình; Kỹ sư điện tử, Cơ khí; Khác", Toàn thời gian
"[HN/HCM/Cần Thơ] Báo Lao Động Tuyển Dụng Trưởng Văn Phòng Đại Diện, Phóng Viên Đa Phương Tiện, Biên Tập Viên, Kỹ Sư Công Nghệ Thông Tin Full-Time 2021",[HN/HCM/Cần Thơ] Báo Lao Động ,9 ngày trước,Không cần kinh nghiệm - Đừng lo! Chúng tôi sẽ đào tạo bạn từ đầu. Có kinh nghiệm là điểm cộng!, Thỏa thuận, Hà Nội; Hồ Chí Minh; Đà Nẵng," Hành chính, Nhân sự; Báo chí, Truyền hình; Lập trình", Toàn thời gian
[HN] Ủy Ban Quản Lý Vốn Nhà Nước Tại Doanh Nghiệp Tuyển Dụng Công Chức 2021,[HN] Ủy Ban Quản Lý Vốn Nhà Nước Tại Doanh Nghiệp ,9 ngày trước,Không cần kinh nghiệm - Đừng lo! Chúng tôi sẽ đào tạo bạn từ đầu. Có kinh nghiệm là điểm cộng!, Thỏa thuận, Hà Nội," Business/ Data Analyst, Business Intelligence(Phân Tích Kinh Doanh); Hành chính, Nhân sự; Tài chính, Chứng khoán, Ngân Hàng; Lập trình", Toàn thời gian
[HCM] Công Ty Công Nghệ Số Kyanon Tuyển Dụng Thực Tập Sinh PHP Full-time 2021,[HCM] Công Ty Công Nghệ Số Kyanon ,9 ngày trước,Không cần kinh nghiệm - Đừng lo! Chúng tôi sẽ đào tạo bạn từ đầu. Có kinh nghiệm là điểm cộng!, Từ 1 Triệu - Dưới 4 Triệu VNĐ / Tháng, Hồ Chí Minh, Lập trình, Thực tập; Toàn thời gian
[HCM] Công Ty Công Nghệ Số Kyanon Tuyển Dụng Thực Tập Sinh Back-end Full-time 2021,[HCM] Công Ty Công Nghệ Số Kyanon ,9 ngày trước,Không cần kinh nghiệm - Đừng lo! Chúng tôi sẽ đào tạo bạn từ đầu. Có kinh nghiệm là điểm cộng!, Từ 1 Triệu - Dưới 4 Triệu VNĐ / Tháng, Hồ Chí Minh, Lập trình, Thực tập; Toàn thời gian
[HCM] Công Ty Công Nghệ Số Kyanon Digital Tuyển Dụng Thực Tập Sinh Front-end Full-time 2021,[HCM] Công Ty Công Nghệ Số Kyanon Digital ,9 ngày trước,Không cần kinh nghiệm - Đừng lo! Chúng tôi sẽ đào tạo bạn từ đầu. Có kinh nghiệm là điểm cộng!, Từ 1 Triệu - Dưới 4 Triệu VNĐ / Tháng, Hồ Chí Minh, Lập trình, Thực tập; Toàn thời gian
[HN] Công Ty Thiết Kế Thương Mại DLS Tuyển Dụng Trưởng Nhóm Kỹ Thuật Full-time 2021,[HN] Công Ty Thiết Kế Thương Mại DLS ,9 ngày trước,Yêu cầu ứng viên phải có kinh nghiệm, Từ 20 Triệu VNĐ trở lên / Tháng, Hà Nội, Lập trình, Toàn thời gian
[HCM] Công Ty Chợ Tốt Tuyển Dụng Thực Tập Sinh Thiết Kế UI/UX Full-time 2021,[HCM] Công Ty Chợ Tốt ,9 ngày trước,Không cần kinh nghiệm - Đừng lo! Chúng tôi sẽ đào tạo bạn từ đầu. Có kinh nghiệm là điểm cộng!, Từ 4 Triệu - Dưới 8 Triệu VNĐ / Tháng, Hồ Chí Minh, Thiết kế; Lập trình, Thực tập; Toàn thời gian
"[HCM] Công Ty Getlinks Việt Nam Tuyển Dụng: Cố Vấn IT, Quản Lý Phát Triển Kinh Doanh, Thực Tập Sinh Bán Hàng Full-time 2021",[HCM] Công Ty Getlinks Việt Nam ,9 ngày trước,Yêu cầu ứng viên phải có kinh nghiệm, Thỏa thuận, Hồ Chí Minh," Bán hàng (Sales); Business/ Data Analyst, Business Intelligence(Phân Tích Kinh Doanh); Lập trình", Thực tập; Toàn thời gian
[HN] Công Ty MTV Alifaco Tuyển Dụng Nhân Viên Lập Trình Web Full-time 2021,[HN] Công Ty MTV Alifaco ,9 ngày trước,Yêu cầu ứng viên phải có kinh nghiệm, Từ 10 Triệu - Dưới 15 Triệu VNĐ / Tháng, Hà Nội, Lập trình, Toàn thời gian
[HN] Thời Trang Công Sở Nữ Yoshino Tuyển Dụng Nhân Viên IT Full-time 2021,[HN] Thời Trang Công Sở Nữ Yoshino ,9 ngày trước,Yêu cầu ứng viên phải có kinh nghiệm, Từ 10 Triệu - Dưới 15 Triệu VNĐ / Tháng, Hà Nội, Lập trình, Toàn thời gian
"[HN] Công Ty VCCorp Tuyển Dụng Nhiều Vị Trí: Nhân Viên Account Planner, Lập Trình Viên, Trợ Lý Agency,... Full-time 2021",[HN] Công Ty VCCorp ,9 ngày trước,Yêu cầu ứng viên phải có kinh nghiệm; Không cần kinh nghiệm - Đừng lo! Chúng tôi sẽ đào tạo bạn từ đầu. Có kinh nghiệm là điểm cộng!, Thỏa thuận, Hà Nội," Marketing, Truyền Thông, PR; Bán hàng (Sales); Business/ Data Analyst, Business Intelligence(Phân Tích Kinh Doanh); Lập trình; Khác", Toàn thời gian
[HN] FPT Software Tuyển Dụng Fresher Automation Test Full-time 2021,[HN] FPT Software ,9 ngày trước,Không cần kinh nghiệm - Đừng lo! Chúng tôi sẽ đào tạo bạn từ đầu. Có kinh nghiệm là điểm cộng!, Thỏa thuận, Hà Nội, Lập trình, Toàn thời gian
[HN] Arrowhitech Tuyển Dụng Nhân Viên IT Recruiter Full-time 2021,[HN] Arrowhitech ,9 ngày trước,Không cần kinh nghiệm - Đừng lo! Chúng tôi sẽ đào tạo bạn từ đầu. Có kinh nghiệm là điểm cộng!, Từ 4 Triệu - Dưới 8 Triệu VNĐ / Tháng, Hà Nội," Hành chính, Nhân sự", Toàn thời gian
[HCM] Công Ty Phần Mềm FPT Software Tuyển Dụng Fresher Quality Assurance Full-time 2021,[HCM] Công Ty Phần Mềm FPT Software ,9 ngày trước,Không cần kinh nghiệm - Đừng lo! Chúng tôi sẽ đào tạo bạn từ đầu. Có kinh nghiệm là điểm cộng!; Yêu cầu ứng viên phải có kinh nghiệm, Thỏa thuận, Hồ Chí Minh, Lập trình, Toàn thời gian; Thực tập
[HCM] Chuỗi Cửa Hàng Bán Lẻ Đa Quốc Gia Guardian Việt Nam Tuyển Dụng Nhân Viên Công Nghệ Thông Tin Full-time 2021,[HCM] Chuỗi Cửa Hàng Bán Lẻ Đa Quốc Gia Guardian Việt Nam ,9 ngày trước,Yêu cầu ứng viên phải có kinh nghiệm, Thỏa thuận, Hồ Chí Minh, Lập trình, Toàn thời gian
[HN] Công Ty Ecoba Việt Nam Tuyển Dụng Cộng Tác Viên Lập Trình Viên SAP_ABAP Full-time 2021,[HN] Công Ty Ecoba Việt Nam ,9 ngày trước,Yêu cầu ứng viên phải có kinh nghiệm; Không cần kinh nghiệm - Đừng lo! Chúng tôi sẽ đào tạo bạn từ đầu. Có kinh nghiệm là điểm cộng!, Thỏa thuận, Hà Nội, Lập trình, Toàn thời gian
[HCM] Công Ty Kỹ Thuật Tiêu Điểm Tuyển Dụng Nhân Viên IT Full-time 2021,[HCM] Công Ty Kỹ Thuật Tiêu Điểm ,9 ngày trước,Không cần kinh nghiệm - Đừng lo! Chúng tôi sẽ đào tạo bạn từ đầu. Có kinh nghiệm là điểm cộng!; Yêu cầu ứng viên phải có kinh nghiệm, Từ 10 Triệu - Dưới 15 Triệu VNĐ / Tháng, Hồ Chí Minh, Lập trình, Toàn thời gian
[HN] Công Ty Phần Mềm PowerGate Sofware Tuyển Dụng Thực Tập Sinh React/Angular Part-time/Full-time 2021,[HN] Công Ty Phần Mềm PowerGate Sofware ,10 ngày trước,Không cần kinh nghiệm - Đừng lo! Chúng tôi sẽ đào tạo bạn từ đầu. Có kinh nghiệm là điểm cộng!, Từ 1 Triệu - Dưới 4 Triệu VNĐ / Tháng, Hà Nội, Lập trình, Thực tập; Toàn thời gian; Bán thời gian
[HN] Công Ty Dịch Vụ Giá Trị Gia Tăng GK Tuyển Dụng Nhân Viên Lập Trình PHP Full-time 2021,[HN] Công Ty Dịch Vụ Giá Trị Gia Tăng GK ,10 ngày trước,Yêu cầu ứng viên phải có kinh nghiệm, Thỏa thuận, Hà Nội, Lập trình, Toàn thời gian
"[Online] Vietcode Project Tuyển Dụng Nhân Viên Backend, Frontend, Ui/Ux Design, Graphic Design, Marketing Sales, Talent Management, Talent Acquision Part-time 2021",[Online] Vietcode Project ,10 ngày trước,Không cần kinh nghiệm - Đừng lo! Chúng tôi sẽ đào tạo bạn từ đầu. Có kinh nghiệm là điểm cộng!, Thỏa thuận, Hà Nội; Hồ Chí Minh; Đà Nẵng; Huế; Khác," Lập trình; Thiết kế; Marketing, Truyền Thông, PR; Bán hàng (Sales)", Online; Bán thời gian
[HCM] Công Ty Phát Kiến Gia Tuyển Dụng Thực Tập Sinh Developer Web/App Full-time 2021,[HCM] Công Ty Phát Kiến Gia ,10 ngày trước,Không cần kinh nghiệm - Đừng lo! Chúng tôi sẽ đào tạo bạn từ đầu. Có kinh nghiệm là điểm cộng!, Thỏa thuận, Hồ Chí Minh, Lập trình, Thực tập; Toàn thời gian
[HN] Công Ty Nhật Bản Otani U.P. Tuyển Dụng Kỹ Sư Lập Trình Web Full-time 2021,[HN] Công Ty Nhật Bản Otani U.P. ,10 ngày trước,Không cần kinh nghiệm - Đừng lo! Chúng tôi sẽ đào tạo bạn từ đầu. Có kinh nghiệm là điểm cộng!, Thỏa thuận, Hà Nội, Lập trình, Toàn thời gian
[HN] Công Ty Phần Mềm Classfunc Tuyển Dụng Tester Full-time 2021,[HN] Công Ty Phần Mềm Classfunc ,10 ngày trước,Yêu cầu ứng viên phải có kinh nghiệm, Từ 15 Triệu - Dưới 20 Triệu VNĐ / Tháng; Từ 10 Triệu - Dưới 15 Triệu VNĐ / Tháng; Từ 20 Triệu VNĐ trở lên / Tháng, Hà Nội, Lập trình; Khác, Toàn thời gian
[HCM] Công Ty Công Nghệ XBOT Tuyển Dụng Nhân Viên Triển Khai Phần Mềm Full-time 2021,[HCM] Công Ty Công Nghệ XBOT ,10 ngày trước,Không cần kinh nghiệm - Đừng lo! Chúng tôi sẽ đào tạo bạn từ đầu. Có kinh nghiệm là điểm cộng!, Từ 15 Triệu - Dưới 20 Triệu VNĐ / Tháng, Hồ Chí Minh, Lập trình, Toàn thời gian
[HCM] Thương Hiệu Điện Thoại Thông Minh Realme Việt Nam Tuyển Dụng Thực Tập Sinh PHP Developer Full-time 2021,[HCM] Thương Hiệu Điện Thoại Thông Minh Realme Việt Nam ,10 ngày trước,Không cần kinh nghiệm - Đừng lo! Chúng tôi sẽ đào tạo bạn từ đầu. Có kinh nghiệm là điểm cộng!, Từ 4 Triệu - Dưới 8 Triệu VNĐ / Tháng, Hồ Chí Minh, Lập trình, Thực tập; Toàn thời gian
[HCM] AhaMove Tuyển Dụng Backend Engineer Full-time 2021,[HCM] AhaMove ,11 ngày trước,Yêu cầu ứng viên phải có kinh nghiệm, Từ 20 Triệu VNĐ trở lên / Tháng, Hồ Chí Minh, Lập trình, Toàn thời gian
"[HCM] Công Ty Công Nghệ Và Giải Trí Netdance Tuyển Dụng Nhân Viên: Đào Tạo, Phát Triển Sản Phẩm, Truyền Thông, Tối Ưu Hóa Doanh Thu Và Cộng Tác Viên Công Nghệ Thông Tin Part-time 2021",[HCM] Công Ty Công Nghệ Và Giải Trí Netdance ,11 ngày trước,Không cần kinh nghiệm - Đừng lo! Chúng tôi sẽ đào tạo bạn từ đầu. Có kinh nghiệm là điểm cộng!, Thỏa thuận, Hồ Chí Minh," Marketing, Truyền Thông, PR; Business/ Data Analyst, Business Intelligence(Phân Tích Kinh Doanh); Lập trình; Khác", Bán thời gian
[HCM] Sở Ngoại Vụ - Bộ Ngoại Giao Tuyển Dụng Công Chức 2021,[HCM] Sở Ngoại Vụ - Bộ Ngoại Giao ,11 ngày trước,Không cần kinh nghiệm - Đừng lo! Chúng tôi sẽ đào tạo bạn từ đầu. Có kinh nghiệm là điểm cộng!, Thỏa thuận, Hồ Chí Minh," Kế toán, Kiểm toán; Hành chính, Nhân sự; Lập trình; Khác; Marketing, Truyền Thông, PR", Toàn thời gian
[HCM] Công Ty Bột Giặt Lix Tuyển Dụng Lập Trình Viên Java Full-time 2021,[HCM] Công Ty Bột Giặt Lix ,11 ngày trước,Không cần kinh nghiệm - Đừng lo! Chúng tôi sẽ đào tạo bạn từ đầu. Có kinh nghiệm là điểm cộng!; Yêu cầu ứng viên phải có kinh nghiệm, Thỏa thuận, Hồ Chí Minh, Lập trình, Toàn thời gian
[HCM] BizMaC Tuyển Dụng Lập Trình Viên .Net Full-time 2021,[HCM] BizMaC ,11 ngày trước,Yêu cầu ứng viên phải có kinh nghiệm; Không cần kinh nghiệm - Đừng lo! Chúng tôi sẽ đào tạo bạn từ đầu. Có kinh nghiệm là điểm cộng!, Thỏa thuận, Hồ Chí Minh, Lập trình, Toàn thời gian
[HCM] BizMaC Tuyển Dụng Nhân Viên Quản Trị Mạng (Technical Support) Full-time 2021,[HCM] BizMaC ,11 ngày trước,Yêu cầu ứng viên phải có kinh nghiệm, Thỏa thuận, Hồ Chí Minh, Lập trình; Khác, Toàn thời gian
[HCM] Công Ty Việt Nam Suzuki Tuyển Dụng Thực Tập Sinh Web Developer Full-time 2021,[HCM] Công Ty Việt Nam Suzuki ,11 ngày trước,Không cần kinh nghiệm - Đừng lo! Chúng tôi sẽ đào tạo bạn từ đầu. Có kinh nghiệm là điểm cộng!, Thỏa thuận, Hồ Chí Minh, Lập trình, Thực tập; Toàn thời gian
[HCM] Prime Commerce Tuyển Dụng Software Tester Full-time 2021,[HCM] Prime Commerce ,11 ngày trước,Không cần kinh nghiệm - Đừng lo! Chúng tôi sẽ đào tạo bạn từ đầu. Có kinh nghiệm là điểm cộng!; Yêu cầu ứng viên phải có kinh nghiệm, Thỏa thuận, Hồ Chí Minh, Lập trình, Toàn thời gian
[HCM] Công Ty Bán Lẻ Kỹ Thuật Số FPT Retail Tuyển Dụng Thực Tập Sinh .Android Developer Full-time 2021,[HCM] Công Ty Bán Lẻ Kỹ Thuật Số FPT Retail ,12 ngày trước,Không cần kinh nghiệm - Đừng lo! Chúng tôi sẽ đào tạo bạn từ đầu. Có kinh nghiệm là điểm cộng!, Từ 1 Triệu - Dưới 4 Triệu VNĐ / Tháng; Từ 4 Triệu - Dưới 8 Triệu VNĐ / Tháng, Hồ Chí Minh, Lập trình, Thực tập; Toàn thời gian
[HCM] Công Ty Bán Lẻ Kỹ Thuật Số FPT Retail Tuyển Dụng Thực Tập Sinh .NET Developer Full-time 2021,[HCM] Công Ty Bán Lẻ Kỹ Thuật Số FPT Retail ,12 ngày trước,Không cần kinh nghiệm - Đừng lo! Chúng tôi sẽ đào tạo bạn từ đầu. Có kinh nghiệm là điểm cộng!, Từ 1 Triệu - Dưới 4 Triệu VNĐ / Tháng; Từ 4 Triệu - Dưới 8 Triệu VNĐ / Tháng, Hồ Chí Minh, Lập trình, Thực tập; Toàn thời gian
[HCM] Công Ty Bán Lẻ Kỹ Thuật Số FPT Retail Tuyển Dụng Thực Tập Sinh .iOS Developer Full-time 2021,[HCM] Công Ty Bán Lẻ Kỹ Thuật Số FPT Retail ,12 ngày trước,Không cần kinh nghiệm - Đừng lo! Chúng tôi sẽ đào tạo bạn từ đầu. Có kinh nghiệm là điểm cộng!, Từ 1 Triệu - Dưới 4 Triệu VNĐ / Tháng; Từ 4 Triệu - Dưới 8 Triệu VNĐ / Tháng, Hồ Chí Minh, Lập trình, Thực tập; Toàn thời gian
[HN] Công Ty Tập Đoàn Ominext Tuyển Dụng UI Designer Full-time 2021,[HN] Công Ty Tập Đoàn Ominext ,12 ngày trước,Yêu cầu ứng viên phải có kinh nghiệm, Từ 15 Triệu - Dưới 20 Triệu VNĐ / Tháng, Hà Nội, Lập trình; Thiết kế, Toàn thời gian
[HN] Công ty Nexus Frontier Tech Tuyển Dụng Nhân Viên Vận Hành Dữ Liệu (Tester Background) Full-time 2021,[HN] Công ty Nexus Frontier Tech ,12 ngày trước,Yêu cầu ứng viên phải có kinh nghiệm, Thỏa thuận, Hà Nội," Lập trình; Hành chính, Nhân sự", Toàn thời gian
[HCM] Công Ty Dịch Vụ Phân Phối Tổng Hợp Dầu Khí (PSD) Tuyển Dụng Admin Hỗ Trợ Kinh Doanh Biết Công Nghệ Thông Tin Full-time 2021,[HCM] Công Ty Dịch Vụ Phân Phối Tổng Hợp Dầu Khí (PSD) ,12 ngày trước,Không cần kinh nghiệm - Đừng lo! Chúng tôi sẽ đào tạo bạn từ đầu. Có kinh nghiệm là điểm cộng!; Yêu cầu ứng viên phải có kinh nghiệm, Từ 8 Triệu - Dưới 10 Triệu VNĐ / Tháng, Hồ Chí Minh," Lập trình; Bán hàng (Sales); Hành chính, Nhân sự", Toàn thời gian
"[HCM] Viettel Construction Tuyển Dụng Cộng Tác Viên Thiết Kế, Công Nghệ Thông Tin Part-time 2021",[HCM] Viettel Construction ,12 ngày trước,Không cần kinh nghiệm - Đừng lo! Chúng tôi sẽ đào tạo bạn từ đầu. Có kinh nghiệm là điểm cộng!, Thỏa thuận, Hồ Chí Minh, Lập trình; Thiết kế, Bán thời gian; Khác
[HCM] Công Ty Zora Talent Tuyển Dụng Nhân Viên Developer Full-time 2021,[HCM] Công Ty Zora Talent ,12 ngày trước,Yêu cầu ứng viên phải có kinh nghiệm, Từ 20 Triệu VNĐ trở lên / Tháng, Hồ Chí Minh, Lập trình, Toàn thời gian
[HN] Công Ty Nexus Frontier Tech Tuyển Dụng Nhân Viên Tester/QA Full-time 2021,[HN] Công Ty Nexus Frontier Tech ,12 ngày trước,Yêu cầu ứng viên phải có kinh nghiệm, Thỏa thuận, Hà Nội, Lập trình, Toàn thời gian
[HCM] Công Ty Kyanon Digital Tuyển Dụng Thực Tập Sinh .NET Full-time 2021,[HCM] Công Ty Kyanon Digital ,13 ngày trước,Không cần kinh nghiệm - Đừng lo! Chúng tôi sẽ đào tạo bạn từ đầu. Có kinh nghiệm là điểm cộng!, Từ 1 Triệu - Dưới 4 Triệu VNĐ / Tháng, Hồ Chí Minh, Lập trình, Toàn thời gian; Thực tập
"[HN] Công Ty The Rising Star SEA Tuyển Dụng Nhân Viên IT Presales, IT Solution Consultant Full-time 2021 ",[HN] Công Ty The Rising Star SEA ,13 ngày trước,Yêu cầu ứng viên phải có kinh nghiệm, Từ 15 Triệu - Dưới 20 Triệu VNĐ / Tháng, Hà Nội, Lập trình, Toàn thời gian
[HCM] Công Ty Go2Joy Tuyển Dụng Nhân Viên QA/QC Tester Full-time 2021,[HCM] Công Ty Go2Joy ,13 ngày trước,Yêu cầu ứng viên phải có kinh nghiệm, Thỏa thuận, Hồ Chí Minh, Lập trình, Toàn thời gian
[HN] Tập Đoàn Kiểm Toán Đa Quốc Gia Grant Thornton Tuyển Dụng Chuyên Viên IT Cấp Cao Full-time 2021,[HN] Tập Đoàn Kiểm Toán Đa Quốc Gia Grant Thornton ,14 ngày trước,Yêu cầu ứng viên phải có kinh nghiệm, Thỏa thuận, Hà Nội, Lập trình, Toàn thời gian
[HCM/ Bình Dương] Chương Trình Tuyển Dụng Lãnh Đạo Tương Lai Perfetti Van Melle Việt Nam Management Trainee Program 2021,[HCM/ Bình Dương] Chương Trình ,14 ngày trước,Không cần kinh nghiệm - Đừng lo! Chúng tôi sẽ đào tạo bạn từ đầu. Có kinh nghiệm là điểm cộng!, Thỏa thuận, Hồ Chí Minh; Khác," Marketing, Truyền Thông, PR; Bán hàng (Sales); Tài chính, Chứng khoán, Ngân Hàng; Xuất nhập khẩu; Kỹ sư điện tử, Cơ khí; Lập trình; Khác", Toàn thời gian
[HN] Công Ty Game No Power-up Tuyển Dụng Nhân Viên Unity Game Developer Full-time 2021,[HN] Công Ty Game No Power-up ,14 ngày trước,Yêu cầu ứng viên phải có kinh nghiệm, Từ 15 Triệu - Dưới 20 Triệu VNĐ / Tháng; Từ 10 Triệu - Dưới 15 Triệu VNĐ / Tháng; Từ 20 Triệu VNĐ trở lên / Tháng, Hà Nội, Lập trình, Toàn thời gian
[HN] Công Ty Dịch Vụ Phát Triển Công Nghệ Thế Giới Internet (Internet World) Tuyển Dụng Thực Tập Sinh IT 2021,[HN] Công Ty Dịch Vụ Phát Triển Công Nghệ Thế Giới Internet (Internet World) ,15 ngày trước,Không cần kinh nghiệm - Đừng lo! Chúng tôi sẽ đào tạo bạn từ đầu. Có kinh nghiệm là điểm cộng!, Thỏa thuận, Hà Nội, Lập trình, Thực tập
[HCM] Công Ty Aziworld Tuyển Dụng Thực Tâp Sinh Database Part-time/Full-time 2021,[HCM] Công Ty Aziworld ,15 ngày trước,Không cần kinh nghiệm - Đừng lo! Chúng tôi sẽ đào tạo bạn từ đầu. Có kinh nghiệm là điểm cộng!, Từ 1 Triệu - Dưới 4 Triệu VNĐ / Tháng, Hồ Chí Minh, Lập trình, Thực tập; Toàn thời gian; Bán thời gian
[HCM] Công Ty Minerva Tuyển Dụng Nhân Viên Mobile Developer Full-time 2021,[HCM] Công Ty Minerva ,15 ngày trước,Không cần kinh nghiệm - Đừng lo! Chúng tôi sẽ đào tạo bạn từ đầu. Có kinh nghiệm là điểm cộng!; Yêu cầu ứng viên phải có kinh nghiệm, Thỏa thuận, Hồ Chí Minh, Lập trình, Toàn thời gian
[HCM] Công Ty Miagi Solution Tuyển Dụng Nhân Viên Japanese Tester Full-time 2021,[HCM] Công Ty Miagi Solution ,15 ngày trước,Yêu cầu ứng viên phải có kinh nghiệm, Thỏa thuận, Hồ Chí Minh, Lập trình, Toàn thời gian
[HCM] Công Ty Phần Mềm Fpt (FPT Software) Tuyển Dụng Devops Engineer Full-time 2021,[HCM] Công Ty Phần Mềm Fpt (FPT Software) ,16 ngày trước,Không cần kinh nghiệm - Đừng lo! Chúng tôi sẽ đào tạo bạn từ đầu. Có kinh nghiệm là điểm cộng!; Yêu cầu ứng viên phải có kinh nghiệm, Thỏa thuận, Hồ Chí Minh, Lập trình, Toàn thời gian
[HCM] Công Ty Đa Quốc Gia ABEO Tuyển Dụng Tuyển Dụng Nhân Viên Angular Web Developer Full-time 2021,[HCM] Công Ty Đa Quốc Gia ABEO ,16 ngày trước,Yêu cầu ứng viên phải có kinh nghiệm, Thỏa thuận, Hồ Chí Minh, Lập trình, Toàn thời gian
[HN] Công Ty Tnhh Công Nghệ TLA Tuyển Dụng Lập Trình Viên .NET Full-time 2021,[HN] Công Ty Tnhh Công Nghệ TLA ,16 ngày trước,Yêu cầu ứng viên phải có kinh nghiệm, Từ 15 Triệu - Dưới 20 Triệu VNĐ / Tháng; Từ 10 Triệu - Dưới 15 Triệu VNĐ / Tháng, Hà Nội, Lập trình, Toàn thời gian
[HN] Công Ty Aimenext Tuyển Dụng Lập Trình Viên Fullstack Full-time 2021,[HN] Công Ty Aimenext ,16 ngày trước,Yêu cầu ứng viên phải có kinh nghiệm, Thỏa thuận, Hà Nội, Lập trình, Toàn thời gian
[HN] KaiyouIT Tuyển Dụng Lập Trình Viên PHP 2021,[HN] KaiyouIT ,17 ngày trước,Yêu cầu ứng viên phải có kinh nghiệm, Từ 10 Triệu - Dưới 15 Triệu VNĐ / Tháng; Từ 15 Triệu - Dưới 20 Triệu VNĐ / Tháng; Từ 20 Triệu VNĐ trở lên / Tháng, Hà Nội, Lập trình, Toàn thời gian
"[HN] KaiyouIT Tuyển Dụng PHP Team Leader (Laravel, MySQL) 2021",[HN] KaiyouIT ,17 ngày trước,Yêu cầu ứng viên phải có kinh nghiệm, Từ 20 Triệu VNĐ trở lên / Tháng, Hà Nội, Lập trình, Toàn thời gian
[HCM] Roseon Finance Tuyển Dụng Tester + Technical Support 2021,[HCM] Roseon Finance ,17 ngày trước,Không cần kinh nghiệm - Đừng lo! Chúng tôi sẽ đào tạo bạn từ đầu. Có kinh nghiệm là điểm cộng!, Thỏa thuận, Hồ Chí Minh, Lập trình; Khác, Toàn thời gian
[HN] Công Ty Công Nghệ Teneocto Technologies Tuyển Dụng Android Developer Full-time 2021,[HN] Công Ty Công Nghệ Teneocto Technologies ,17 ngày trước,Yêu cầu ứng viên phải có kinh nghiệm, Thỏa thuận, Hà Nội, Lập trình, Toàn thời gian
[HN] Công Ty Công Nghệ Phần Mềm Lĩnh Vực Y Tế Med247 Tuyển Dụng PHP Developer Full-time 2021,[HN] Công Ty Công Nghệ Phần Mềm Lĩnh Vực Y Tế Med247 ,17 ngày trước,Yêu cầu ứng viên phải có kinh nghiệm, Thỏa thuận, Hà Nội, Lập trình, Toàn thời gian
[HN] Công Ty Công Nghệ Phần Mềm Lĩnh Vực Y Tế Med247 Tuyển Dụng FrontEnd Developer Full-time 2021,[HN] Công Ty Công Nghệ Phần Mềm Lĩnh Vực Y Tế Med247 ,17 ngày trước,Yêu cầu ứng viên phải có kinh nghiệm, Từ 10 Triệu - Dưới 15 Triệu VNĐ / Tháng; Từ 8 Triệu - Dưới 10 Triệu VNĐ / Tháng; Từ 15 Triệu - Dưới 20 Triệu VNĐ / Tháng, Hà Nội, Lập trình, Toàn thời gian
[HN] Công Ty Công Nghệ Phần Mềm Lĩnh Vực Y Tế Med247 Tuyển Dụng Nhân Viên React Native Developer Full-time 2021,[HN] Công Ty Công Nghệ Phần Mềm Lĩnh Vực Y Tế Med247 ,17 ngày trước,Không cần kinh nghiệm - Đừng lo! Chúng tôi sẽ đào tạo bạn từ đầu. Có kinh nghiệm là điểm cộng!; Yêu cầu ứng viên phải có kinh nghiệm, Thỏa thuận, Hà Nội, Lập trình, Toàn thời gian
[HN] Công Ty Công Nghệ Phần Mềm Lĩnh Vực Y Tế Med247 Tuyển Dụng Tester Web App Full-time 2021,[HN] Công Ty Công Nghệ Phần Mềm Lĩnh Vực Y Tế Med247 ,17 ngày trước,Yêu cầu ứng viên phải có kinh nghiệm, Từ 10 Triệu - Dưới 15 Triệu VNĐ / Tháng; Từ 8 Triệu - Dưới 10 Triệu VNĐ / Tháng; Từ 15 Triệu - Dưới 20 Triệu VNĐ / Tháng, Hà Nội, Lập trình; Khác, Toàn thời gian
[HN] Công Ty Sản Xuất Game Hay Hay Tuyển Dụng Nhân Viên Game Tester Full-time 2021,[HN] Công Ty Sản Xuất Game Hay Hay ,17 ngày trước,Yêu cầu ứng viên phải có kinh nghiệm, Thỏa thuận, Hà Nội, Lập trình, Toàn thời gian
[HCM] Công Ty Hệ Thống Thông Tin FPT (FPT Information System - FPT IS) Tuyển Dụng Nhân Viên Triển Khai Phần Mềm (Giải Pháp Nhân Sự - Tiền Lương) Full-time 2021,[HCM] Công Ty Hệ Thống Thông Tin FPT (FPT Information System - FPT IS) ,18 ngày trước,Không cần kinh nghiệm - Đừng lo! Chúng tôi sẽ đào tạo bạn từ đầu. Có kinh nghiệm là điểm cộng!, Từ 10 Triệu - Dưới 15 Triệu VNĐ / Tháng, Hồ Chí Minh," Business/ Data Analyst, Business Intelligence(Phân Tích Kinh Doanh); Khác; Lập trình", Toàn thời gian
[HN] Công Ty Nissho Electronics Việt Nam Tuyển Dụng Thực Tập Sinh/Nhân Viên Phát Triển Odoo/Python/Brse Full-time 2021 ,[HN] Công Ty Nissho Electronics Việt Nam ,18 ngày trước,Không cần kinh nghiệm - Đừng lo! Chúng tôi sẽ đào tạo bạn từ đầu. Có kinh nghiệm là điểm cộng!; Yêu cầu ứng viên phải có kinh nghiệm, Từ 20 Triệu VNĐ trở lên / Tháng; Từ 4 Triệu - Dưới 8 Triệu VNĐ / Tháng; Từ 1 Triệu - Dưới 4 Triệu VNĐ / Tháng; Từ 8 Triệu - Dưới 10 Triệu VNĐ / Tháng; Từ 10 Triệu - Dưới 15 Triệu VNĐ / Tháng; Từ 15 Triệu - Dưới 20 Triệu VNĐ / Tháng, Hà Nội, Lập trình, Toàn thời gian; Thực tập
HCM] Công Ty Cybozu Việt Nam Tuyển Dụng Thực Tập Sinh Lập Trình Ứng Dụng Web Full-time 2021,HCM] Công Ty Cybozu Việt Nam ,18 ngày trước,Không cần kinh nghiệm - Đừng lo! Chúng tôi sẽ đào tạo bạn từ đầu. Có kinh nghiệm là điểm cộng!, Từ 1 Triệu - Dưới 4 Triệu VNĐ / Tháng, Hồ Chí Minh, Lập trình, Thực tập; Toàn thời gian
[HN] Tập Đoàn Sunhouse Tuyển Dụng Nhân Viên Developer Full-time 2021,[HN] Tập Đoàn Sunhouse ,19 ngày trước,Không cần kinh nghiệm - Đừng lo! Chúng tôi sẽ đào tạo bạn từ đầu. Có kinh nghiệm là điểm cộng!; Yêu cầu ứng viên phải có kinh nghiệm, Từ 4 Triệu - Dưới 8 Triệu VNĐ / Tháng, Hà Nội, Lập trình, Toàn thời gian
[HCM] Tập Đoàn Cà Phê Tuyển Dụng Nhân Viên Phát Triển Website Full-time 2021,[HCM] Tập Đoàn Cà Phê ,19 ngày trước,Không cần kinh nghiệm - Đừng lo! Chúng tôi sẽ đào tạo bạn từ đầu. Có kinh nghiệm là điểm cộng!; Yêu cầu ứng viên phải có kinh nghiệm, Thỏa thuận, Hồ Chí Minh, Lập trình, Toàn thời gian
[HN] Công Ty Đầu Tư TNT Tuyển Dụng Lập Trình Viên Odoo Full-time 2021,[HN] Công Ty Đầu Tư TNT ,19 ngày trước,Yêu cầu ứng viên phải có kinh nghiệm, Từ 15 Triệu - Dưới 20 Triệu VNĐ / Tháng; Từ 10 Triệu - Dưới 15 Triệu VNĐ / Tháng, Hà Nội, Lập trình, Toàn thời gian
[HCM] GeoTech Hub Vietnam Tuyển Dụng Thực Tập Sinh Ngành Công Nghệ Thông Tin Full-time 2021,[HCM] GeoTech Hub Vietnam ,19 ngày trước,Không cần kinh nghiệm - Đừng lo! Chúng tôi sẽ đào tạo bạn từ đầu. Có kinh nghiệm là điểm cộng!, Thỏa thuận, Hồ Chí Minh, Lập trình, Thực tập; Toàn thời gian
[HCM] Công Ty Lofivn Tuyển Thực Tập Sinh Lập Trình Part-time/Full-time 2021,[HCM] Công Ty Lofivn Tuyển Thực Tập Sinh Lập Trình Part-time/Full-time 202,20 ngày trước,Không cần kinh nghiệm - Đừng lo! Chúng tôi sẽ đào tạo bạn từ đầu. Có kinh nghiệm là điểm cộng!, Thỏa thuận, Hồ Chí Minh, Lập trình, Thực tập; Toàn thời gian; Bán thời gian
[HN] Công Ty Công Nghệ Nam An Phú Nhân Viên Triển Khai Phần Mềm Full-time 2021,[HN] Công Ty Công Nghệ Nam An Phú Nhân Viên Triển Khai Phần Mềm Full-time 202,21 ngày trước,Yêu cầu ứng viên phải có kinh nghiệm, Thỏa thuận, Hà Nội, Lập trình; Xuất nhập khẩu, Toàn thời gian
[HCM] Công Ty Nghiên Cứu & Phát Triển Phần Mềm KromLab Tuyển Dụng QC Engineer Full-time 2021,[HCM] Công Ty Nghiên Cứu & Phát Triển Phần Mềm KromLab ,21 ngày trước,Yêu cầu ứng viên phải có kinh nghiệm, Từ 20 Triệu VNĐ trở lên / Tháng; Thỏa thuận, Hồ Chí Minh, Lập trình, Toàn thời gian
[HCM] Công Ty Giải Pháp Công Nghệ Minerva Tuyển Dụng Nhân Viên AR/VR Developer Full-time 2021,[HCM] Công Ty Giải Pháp Công Nghệ Minerva ,21 ngày trước,Không cần kinh nghiệm - Đừng lo! Chúng tôi sẽ đào tạo bạn từ đầu. Có kinh nghiệm là điểm cộng!; Yêu cầu ứng viên phải có kinh nghiệm, Thỏa thuận, Hồ Chí Minh, Lập trình, Toàn thời gian
"[HN] Khách Sạn HYATT Regency West Hanoi Tuyển Dụng Thực Tập Sinh Các Bộ Phận: IT, Finance, HR, Marketing, Front Office, Food & Beverage, Housekeeping Full-time 2021",[HN] Khách Sạn HYATT Regency West Hanoi ,23 ngày trước,Không cần kinh nghiệm - Đừng lo! Chúng tôi sẽ đào tạo bạn từ đầu. Có kinh nghiệm là điểm cộng!, Không lương, Hà Nội," Marketing, Truyền Thông, PR; Hành chính, Nhân sự; Kế toán, Kiểm toán; Du lịch, Khách sạn; Lập trình", Toàn thời gian
 [HN] ADT Creative Tuyển Dụng Lập Trình Viên (Back-end) 2021, [HN] ADT Creative ,23 ngày trước,Yêu cầu ứng viên phải có kinh nghiệm, Từ 15 Triệu - Dưới 20 Triệu VNĐ / Tháng, Hà Nội, Lập trình, Toàn thời gian
[HN] Công Ty Code Tốt Tuyển Dụng Thực Tập Sinh Lập Trình Viên Wordpress Full-time 2021,[HN] Công Ty Code Tốt ,24 ngày trước,Không cần kinh nghiệm - Đừng lo! Chúng tôi sẽ đào tạo bạn từ đầu. Có kinh nghiệm là điểm cộng!, Từ 1 Triệu - Dưới 4 Triệu VNĐ / Tháng; Từ 4 Triệu - Dưới 8 Triệu VNĐ / Tháng, Hà Nội, Lập trình, Thực tập; Toàn thời gian
[Đồng Nai] Công Ty Bosch Tuyển Dụng Thực Tập Sinh Số Hóa và Giải Pháp BQMS Full-time 2021 (Có xe đưa đón),[Đồng Nai] Công Ty Bosch ,24 ngày trước,Yêu cầu ứng viên phải có kinh nghiệm; Không cần kinh nghiệm - Đừng lo! Chúng tôi sẽ đào tạo bạn từ đầu. Có kinh nghiệm là điểm cộng!, Thỏa thuận, Khác," Kỹ sư điện tử, Cơ khí; Lập trình", Toàn thời gian
[HCM] Công Ty KPIM Tuyển Dụng Data Engineer Full-time 2021,[HCM] Công Ty KPIM ,24 ngày trước,Yêu cầu ứng viên phải có kinh nghiệm; Không cần kinh nghiệm - Đừng lo! Chúng tôi sẽ đào tạo bạn từ đầu. Có kinh nghiệm là điểm cộng!, Thỏa thuận, Hồ Chí Minh, Lập trình, Toàn thời gian
[HN/HCM/ĐN] Công Ty Công Nghệ Evizi Tuyển Dụng QA Engineers Full-time 2021,[HN/HCM/ĐN] Công Ty Công Nghệ Evizi ,25 ngày trước,Yêu cầu ứng viên phải có kinh nghiệm, Thỏa thuận, Hà Nội; Hồ Chí Minh; Đà Nẵng, Lập trình, Toàn thời gian
[HN] Sở Giao Dịch Hàng Hóa Việt Nam Tuyển Dụng Kỹ Sư Hệ Thống- Khối Công Nghệ Thông Tin năm 2021,[HN] Sở Giao Dịch Hàng Hóa Việt Nam ,25 ngày trước,Không cần kinh nghiệm - Đừng lo! Chúng tôi sẽ đào tạo bạn từ đầu. Có kinh nghiệm là điểm cộng!, Thỏa thuận, Hà Nội," Kỹ sư điện tử, Cơ khí; Lập trình", Toàn thời gian
[HCM] Công Ty ECO Gióng Tuyển Dụng Thực Tập Sinh IT Full-time 2021,[HCM] Công Ty ECO Gióng ,25 ngày trước,Không cần kinh nghiệm - Đừng lo! Chúng tôi sẽ đào tạo bạn từ đầu. Có kinh nghiệm là điểm cộng!, Từ 4 Triệu - Dưới 8 Triệu VNĐ / Tháng, Hồ Chí Minh, Lập trình, Thực tập; Toàn thời gian
[HN] Công Ty Cổ Phần Hosco Việt Nam Nhân Viên Hỗ Trợ Kỹ Thuật/ IT Support 2021,[HN] Công Ty Cổ Phần Hosco Việt Nam Nhân Viên Hỗ Trợ Kỹ Thuật/ IT Support 202,25 ngày trước,Không cần kinh nghiệm - Đừng lo! Chúng tôi sẽ đào tạo bạn từ đầu. Có kinh nghiệm là điểm cộng!, Từ 8 Triệu - Dưới 10 Triệu VNĐ / Tháng, Hà Nội, Lập trình, Toàn thời gian
[HN] Tek Experts Tuyển Dụng Technical Support Engineer 2021,[HN] Tek Experts ,26 ngày trước,Không cần kinh nghiệm - Đừng lo! Chúng tôi sẽ đào tạo bạn từ đầu. Có kinh nghiệm là điểm cộng!; Yêu cầu ứng viên phải có kinh nghiệm, Thỏa thuận, Hà Nội, Lập trình, Toàn thời gian
[HN/HCM/ĐN] Công Ty Công Nghệ Evizi Tuyển Dụng Nhân Viên Angular Developer Full-time 2021,[HN/HCM/ĐN] Công Ty Công Nghệ Evizi ,26 ngày trước,Yêu cầu ứng viên phải có kinh nghiệm, Thỏa thuận, Đà Nẵng; Hồ Chí Minh; Hà Nội, Lập trình, Toàn thời gian
[HN/HCM/ĐN] Công Ty Công Nghệ Evizi Tuyển Dụng PostgreSQL Database Developers Full-time 2021,[HN/HCM/ĐN] Công Ty Công Nghệ Evizi ,26 ngày trước,Yêu cầu ứng viên phải có kinh nghiệm, Thỏa thuận, Hà Nội; Hồ Chí Minh; Đà Nẵng, Lập trình, Toàn thời gian
[HN/ĐN] Công Ty Công Nghệ Evizi Tuyển Dụng Node Developer Full-time 2021,[HN/ĐN] Công Ty Công Nghệ Evizi ,26 ngày trước,Yêu cầu ứng viên phải có kinh nghiệm, Thỏa thuận, Hà Nội; Đà Nẵng, Lập trình, Thực tập
 [HN/HCM/ĐN] Công Ty Công Nghệ Evizi Tuyển Dụng React Developer Full-time 2021, [HN/HCM/ĐN] Công Ty Công Nghệ Evizi ,26 ngày trước,Yêu cầu ứng viên phải có kinh nghiệm, Thỏa thuận, Hồ Chí Minh; Đà Nẵng; Hà Nội, Lập trình, Toàn thời gian
 [HN/ĐN] Công Ty Công Nghệ Evizi Tuyển Dụng PHP Web Developer Full-time 2021, [HN/ĐN] Công Ty Công Nghệ Evizi ,26 ngày trước,Yêu cầu ứng viên phải có kinh nghiệm, Thỏa thuận, Hà Nội; Đà Nẵng, Lập trình, Toàn thời gian
 [HN/HCM/ĐN] Công Ty Công Nghệ Evizi Tuyển Dụng Python Developer Full-time 2021, [HN/HCM/ĐN] Công Ty Công Nghệ Evizi ,26 ngày trước,Yêu cầu ứng viên phải có kinh nghiệm, Thỏa thuận, Hà Nội; Hồ Chí Minh; Đà Nẵng, Lập trình, Toàn thời gian
[HN/HCM] Singalarity Việt Nam Tuyển Dụng Thực Tập Sinh Công Nghệ Thông Tin (r&d) Full-time 2021,[HN/HCM] Singalarity Việt Nam ,27 ngày trước,Không cần kinh nghiệm - Đừng lo! Chúng tôi sẽ đào tạo bạn từ đầu. Có kinh nghiệm là điểm cộng!, Thỏa thuận, Hồ Chí Minh; Hà Nội, Lập trình, Thực tập; Toàn thời gian
"[HN] Cục Cạnh Tranh Và Bảo Vệ Người Tiêu Dùng, Bộ Công Thương Tuyển Dụng Viên Chức 2021","[HN] Cục Cạnh Tranh Và Bảo Vệ Người Tiêu Dùng, Bộ Công Thương ",27 ngày trước,Không cần kinh nghiệm - Đừng lo! Chúng tôi sẽ đào tạo bạn từ đầu. Có kinh nghiệm là điểm cộng!, Thỏa thuận, Hà Nội," Kế toán, Kiểm toán; Luật sư; Lập trình; Marketing, Truyền Thông, PR; Hành chính, Nhân sự; Khác", Toàn thời gian
[HCM] Công Ty Aziworld Tuyển Dụng Thực Tâp Sinh Lập Trình Backend Part-time/Full-time 2021,[HCM] Công Ty Aziworld ,29 ngày trước,Không cần kinh nghiệm - Đừng lo! Chúng tôi sẽ đào tạo bạn từ đầu. Có kinh nghiệm là điểm cộng!, Từ 1 Triệu - Dưới 4 Triệu VNĐ / Tháng, Hồ Chí Minh, Lập trình, Thực tập; Toàn thời gian; Bán thời gian
[Online - Đà Nẵng] Chương Trình Thực Tập Quốc Tế Trực Tuyến Aiesec Tuyển Dụng Thực Tập Sinh It Full-time 2021,[Online - Đà Nẵng] Chương Trình Thực Tập Quốc Tế Trực Tuyến Aiesec ,tháng trước,Không cần kinh nghiệm - Đừng lo! Chúng tôi sẽ đào tạo bạn từ đầu. Có kinh nghiệm là điểm cộng!, Thỏa thuận, Đà Nẵng, Lập trình, Online; Toàn thời gian; Thực tập
[HN/HCM/Đà Nẵng] Công Ty Công Nghệ Evizi Tuyển Dụng Trưởng Nhóm Công Nghệ Automation QA Full-time 2021,[HN/HCM/Đà Nẵng] Công Ty Công Nghệ Evizi ,tháng trước,Yêu cầu ứng viên phải có kinh nghiệm, Thỏa thuận, Hà Nội; Đà Nẵng; Hồ Chí Minh, Lập trình, Toàn thời gian
[HN/HCM/ĐN] Công Ty Công Nghệ Evizi Tuyển Dụng Fullstack Java Developer Full-time 2021,[HN/HCM/ĐN] Công Ty Công Nghệ Evizi ,tháng trước,Yêu cầu ứng viên phải có kinh nghiệm, Thỏa thuận, Hồ Chí Minh; Hà Nội; Đà Nẵng, Lập trình, Toàn thời gian
[HCM] Công Ty KVY Technology Tuyển Dụng Thực Tập Sinh Frontend/Backend Developer Full-time 2021,[HCM] Công Ty KVY Technology ,tháng trước,Không cần kinh nghiệm - Đừng lo! Chúng tôi sẽ đào tạo bạn từ đầu. Có kinh nghiệm là điểm cộng!, Thỏa thuận, Hồ Chí Minh, Lập trình, Thực tập; Toàn thời gian
[HN/Đà Nẵng] Công Ty Công Nghệ Evizi Tuyển Dụng Software Back-End Engineers Full-time 2021,[HN/Đà Nẵng] Công Ty Công Nghệ Evizi ,tháng trước,Yêu cầu ứng viên phải có kinh nghiệm, Thỏa thuận, Hà Nội; Đà Nẵng, Lập trình, Toàn thời gian
[HCM] Công Ty ECO Gióng Tuyển Dụng Thực Tập Sinh IT Full-time 2021,[HCM] Công Ty ECO Gióng ,tháng trước,Không cần kinh nghiệm - Đừng lo! Chúng tôi sẽ đào tạo bạn từ đầu. Có kinh nghiệm là điểm cộng!, Từ 1 Triệu - Dưới 4 Triệu VNĐ / Tháng, Hồ Chí Minh, Lập trình, Toàn thời gian; Thực tập
[HCM] Công Ty Cổ Phần Tekmedi Tuyển Dụng Lập Trình Viên .NET Full-time 2021,[HCM] Công Ty Cổ Phần Tekmedi ,tháng trước,Yêu cầu ứng viên phải có kinh nghiệm; Không cần kinh nghiệm - Đừng lo! Chúng tôi sẽ đào tạo bạn từ đầu. Có kinh nghiệm là điểm cộng!, Từ 10 Triệu - Dưới 15 Triệu VNĐ / Tháng; Từ 15 Triệu - Dưới 20 Triệu VNĐ / Tháng; Từ 20 Triệu VNĐ trở lên / Tháng, Hồ Chí Minh, Lập trình, Toàn thời gian
"[Startup-HCM] Công Ty Công Nghệ Stably Tuyển Dụng Graphic Designer, Community Manager, Legal/Compliance Assistant, Senior Software Engineer 2021",[Startup-HCM] Công Ty Công Nghệ Stably ,tháng trước,Yêu cầu ứng viên phải có kinh nghiệm, Từ 10 Triệu - Dưới 15 Triệu VNĐ / Tháng; Từ 20 Triệu VNĐ trở lên / Tháng, Hồ Chí Minh," Tài chính, Chứng khoán, Ngân Hàng; Lập trình; Luật sư; Marketing, Truyền Thông, PR", Toàn thời gian
[HCM] Công Ty Thực Phẩm VIFON Việt Nam Tuyển Dụng Chuyên Viên IT (System Admin) Full-time 2021,[HCM] Công Ty Thực Phẩm VIFON Việt Nam ,tháng trước,Yêu cầu ứng viên phải có kinh nghiệm, Từ 15 Triệu - Dưới 20 Triệu VNĐ / Tháng; Từ 20 Triệu VNĐ trở lên / Tháng, Hồ Chí Minh, Lập trình, Toàn thời gian
[HCM] Công Ty Cổ Phần Tekmedi Tuyển Dụng Software Tester Full-time 2021,[HCM] Công Ty Cổ Phần Tekmedi ,tháng trước,Yêu cầu ứng viên phải có kinh nghiệm, Từ 10 Triệu - Dưới 15 Triệu VNĐ / Tháng, Hồ Chí Minh, Lập trình, Toàn thời gian
[HCM] Công Ty Cổ Phần Tekmedi Tuyển Dụng React Native Developer Full-time 2021,[HCM] Công Ty Cổ Phần Tekmedi ,tháng trước,Yêu cầu ứng viên phải có kinh nghiệm, Từ 10 Triệu - Dưới 15 Triệu VNĐ / Tháng; Từ 15 Triệu - Dưới 20 Triệu VNĐ / Tháng; Từ 20 Triệu VNĐ trở lên / Tháng, Hồ Chí Minh, Lập trình, Toàn thời gian
"[HCM] Công Ty Phong Vũ Tuyển Dụng Kỹ Thuật Viên, Nhân Viên Bán Hàng, Thu Ngân Full-time 2021",[HCM] Công Ty Phong Vũ ,tháng trước,Không cần kinh nghiệm - Đừng lo! Chúng tôi sẽ đào tạo bạn từ đầu. Có kinh nghiệm là điểm cộng!; Yêu cầu ứng viên phải có kinh nghiệm, Từ 4 Triệu - Dưới 8 Triệu VNĐ / Tháng; Thỏa thuận, Hồ Chí Minh," Bán hàng (Sales); Kế toán, Kiểm toán; Lập trình", Toàn thời gian
[HN] Công Ty Han Tech & Consult Tuyển Dụng It Helpdesk Supporter Full-time 2021,[HN] Công Ty Han Tech & Consult ,tháng trước,Không cần kinh nghiệm - Đừng lo! Chúng tôi sẽ đào tạo bạn từ đầu. Có kinh nghiệm là điểm cộng!; Yêu cầu ứng viên phải có kinh nghiệm, Thỏa thuận, Hà Nội, Lập trình, Toàn thời gian
[HCM] Công Ty Công Nghệ Spring Knowledge Global Tuyển Dụng Lập Trình Viên Thực Tập Mảng Web (Front-end) Part-time/ Full-time 2021,[HCM] Công Ty Công Nghệ Spring Knowledge Global ,tháng trước,Không cần kinh nghiệm - Đừng lo! Chúng tôi sẽ đào tạo bạn từ đầu. Có kinh nghiệm là điểm cộng!, Từ 4 Triệu - Dưới 8 Triệu VNĐ / Tháng; Thỏa thuận, Hồ Chí Minh, Lập trình, Thực tập
[HCM] Công Ty Công Nghệ Spring Knowledge Global Tuyển Dụng Thực tập sinh Mobile Part-time/ Full-time 2021,[HCM] Công Ty Công Nghệ Spring Knowledge Global ,tháng trước,Không cần kinh nghiệm - Đừng lo! Chúng tôi sẽ đào tạo bạn từ đầu. Có kinh nghiệm là điểm cộng!, Từ 4 Triệu - Dưới 8 Triệu VNĐ / Tháng, Hồ Chí Minh, Lập trình, Thực tập
 [HCM] Công Ty Công Nghệ Spring Knowledge Global Tuyển Dụng Thực Tập Sinh Back-end Part-time/ Full-time 2021, [HCM] Công Ty Công Nghệ Spring Knowledge Global ,tháng trước,Không cần kinh nghiệm - Đừng lo! Chúng tôi sẽ đào tạo bạn từ đầu. Có kinh nghiệm là điểm cộng!, Từ 4 Triệu - Dưới 8 Triệu VNĐ / Tháng, Hồ Chí Minh, Lập trình, Thực tập; Toàn thời gian; Bán thời gian
[HCM] Công Ty TNHH Công Nghệ Kết Nối Đám Mây Tuyển 2 Lập Trình Viên 2021,[HCM] Công Ty TNHH Công Nghệ Kết Nối Đám Mây Tuyển 2 Lập Trình Viên 202,tháng trước,Không cần kinh nghiệm - Đừng lo! Chúng tôi sẽ đào tạo bạn từ đầu. Có kinh nghiệm là điểm cộng!, Từ 10 Triệu - Dưới 15 Triệu VNĐ / Tháng, Hồ Chí Minh, Lập trình, Toàn thời gian
[HCM] Công Ty Giáo Dục Nội Dung Số Ong Vàng Tuyển Dụng Lập Trình Viên Mobile App - React Native Full-time 2021,[HCM] Công Ty Giáo Dục Nội Dung Số Ong Vàng ,tháng trước,Yêu cầu ứng viên phải có kinh nghiệm, Từ 8 Triệu - Dưới 10 Triệu VNĐ / Tháng; Từ 15 Triệu - Dưới 20 Triệu VNĐ / Tháng; Từ 10 Triệu - Dưới 15 Triệu VNĐ / Tháng; Từ 20 Triệu VNĐ trở lên / Tháng, Hồ Chí Minh, Lập trình, Toàn thời gian
[HN] Công Ty Gobysend Cung Cấp Nền Tảng Marketing Đa Kênh Tuyển Dụng Wordpress & SEO Developer Full-time 2021,[HN] Công Ty Gobysend Cung Cấp Nền Tảng Marketing Đa Kênh ,tháng trước,Yêu cầu ứng viên phải có kinh nghiệm, Thỏa thuận, Hà Nội, Lập trình; Khác, Toàn thời gian
[HCM] Công Ty SM Tech Tuyển Dụng Nhân Viên Nhân Viên IT & Nhân Viên Bảo Trì Full-time 2021,[HCM] Công Ty SM Tech ,tháng trước,Yêu cầu ứng viên phải có kinh nghiệm, Từ 8 Triệu - Dưới 10 Triệu VNĐ / Tháng; Từ 4 Triệu - Dưới 8 Triệu VNĐ / Tháng, Hồ Chí Minh," Kỹ sư điện tử, Cơ khí; Lập trình", Toàn thời gian
[HN] Công Ty Truyền Thông Khởi Đầu Mới NBM Tuyển Dụng Thực Tập Sinh Lập Trình Full-time 2021,[HN] Công Ty Truyền Thông Khởi Đầu Mới NBM ,tháng trước,Không cần kinh nghiệm - Đừng lo! Chúng tôi sẽ đào tạo bạn từ đầu. Có kinh nghiệm là điểm cộng!; Yêu cầu ứng viên phải có kinh nghiệm, Thỏa thuận, Hà Nội, Lập trình, Thực tập; Toàn thời gian
[HCM] Công Ty Công Nghệ Supersoft Tuyển Dụng Lập Trình Odoo Full-time 2021 ,[HCM] Công Ty Công Nghệ Supersoft ,tháng trước,Yêu cầu ứng viên phải có kinh nghiệm, Thỏa thuận, Hồ Chí Minh, Lập trình, Toàn thời gian
[HCM] Công Ty Xây Lắp III Petrolimex Tuyển Dụng Nhân Viên IT Full-time 2021,[HCM] Công Ty Xây Lắp III Petrolimex ,tháng trước,Yêu cầu ứng viên phải có kinh nghiệm, Thỏa thuận, Hồ Chí Minh, Lập trình, Toàn thời gian
[HCM] Sàn Thương Mại Điện Tử Quốc Tế Imotorbike Việt Nam Tuyển Dụng Thực Tập Sinh Backend Operation Support Full-time 2021,[HCM] Sàn Thương Mại Điện Tử Quốc Tế Imotorbike Việt Nam ,tháng trước,Không cần kinh nghiệm - Đừng lo! Chúng tôi sẽ đào tạo bạn từ đầu. Có kinh nghiệm là điểm cộng!, Thỏa thuận, Hồ Chí Minh, Lập trình, Thực tập; Toàn thời gian
 [HCM] Công Ty Phần Mềm FPT (FPT Software) Tuyển Dụng Net Developer Full-time 2021, [HCM] Công Ty Phần Mềm FPT (FPT Software) ,tháng trước,Yêu cầu ứng viên phải có kinh nghiệm, Thỏa thuận, Hồ Chí Minh, Lập trình, Toàn thời gian
[HCM] Trung Tâm Anh Ngữ Yola Tuyển Dụng Cộng Tác Viên IT Part-time 2021,[HCM] Trung Tâm Anh Ngữ Yola ,tháng trước,Không cần kinh nghiệm - Đừng lo! Chúng tôi sẽ đào tạo bạn từ đầu. Có kinh nghiệm là điểm cộng!; Yêu cầu ứng viên phải có kinh nghiệm, Thỏa thuận, Hồ Chí Minh, Lập trình, Bán thời gian; Khác
[HN] Công Ty Công Nghệ MISA Tuyển Dụng Fresher Web Part-time/Full-time 2021,[HN] Công Ty Công Nghệ MISA ,tháng trước,Không cần kinh nghiệm - Đừng lo! Chúng tôi sẽ đào tạo bạn từ đầu. Có kinh nghiệm là điểm cộng!, Từ 8 Triệu - Dưới 10 Triệu VNĐ / Tháng, Hà Nội, Lập trình, Thực tập; Toàn thời gian; Bán thời gian
[HCM] Công Ty Dịch Vụ Viễn Thông & Công Nghệ - FTI Tuyển Dụng Android/Backend Developer Full-time 2021,[HCM] Công Ty Dịch Vụ Viễn Thông & Công Nghệ - FTI ,2 tháng trước,Yêu cầu ứng viên phải có kinh nghiệm, Thỏa thuận, Hồ Chí Minh, Lập trình, Toàn thời gian
[HN] Công Ty Quỹ Đầu Tư Và Công Nghệ Velacorp Tuyển Dụng Automation Tester Full-time 2021,[HN] Công Ty Quỹ Đầu Tư Và Công Nghệ Velacorp ,2 tháng trước,Yêu cầu ứng viên phải có kinh nghiệm, Từ 15 Triệu - Dưới 20 Triệu VNĐ / Tháng, Hà Nội, Lập trình, Toàn thời gian
[HN] Công Ty Đầu Tư & Công Nghệ HTI Tuyển Dụng Nhân Viên IT Support (IT Helpdesk) Full-time 2021,[HN] Công Ty Đầu Tư & Công Nghệ HTI ,2 tháng trước,Yêu cầu ứng viên phải có kinh nghiệm, Thỏa thuận, Hà Nội, Lập trình, Toàn thời gian
[HN] Công Ty Cổ Phần Quảng Cáo FPT Adtrue Tuyển Dụng Nhân Viên Android Developer Full-time 2021,[HN] Công Ty Cổ Phần Quảng Cáo FPT Adtrue ,2 tháng trước,Yêu cầu ứng viên phải có kinh nghiệm, Từ 10 Triệu - Dưới 15 Triệu VNĐ / Tháng; Từ 8 Triệu - Dưới 10 Triệu VNĐ / Tháng, Hà Nội, Lập trình, Toàn thời gian
"[HCM] TPS Software Tuyển Dụng Thực Tập Sinh Các Vị Trí: Java, PHP, .NET, Mobile (Android, iOS, Flutter), DevOps, R&D, Tester Full-time 2021",[HCM] TPS Software ,2 tháng trước,Không cần kinh nghiệm - Đừng lo! Chúng tôi sẽ đào tạo bạn từ đầu. Có kinh nghiệm là điểm cộng!, Không lương, Hồ Chí Minh, Khác; Lập trình, Thực tập; Toàn thời gian
"[HN] Chương Trình Tuyển Dụng Sinh Viên Tài Năng Viettel Digital Talent Program Của Tập Đoàn Công Nghiệp - Viễn Thông Quân Đội Viettel 2021 (Cơ Hội Nhận Học Bổng 50,000,000 VNĐ)",[HN] Chương Trình ,2 tháng trước,Không cần kinh nghiệm - Đừng lo! Chúng tôi sẽ đào tạo bạn từ đầu. Có kinh nghiệm là điểm cộng!, Từ 10 Triệu - Dưới 15 Triệu VNĐ / Tháng; Từ 15 Triệu - Dưới 20 Triệu VNĐ / Tháng; Từ 20 Triệu VNĐ trở lên / Tháng; Thỏa thuận, Hà Nội," Lập trình; Business/ Data Analyst, Business Intelligence(Phân Tích Kinh Doanh)", Thực tập; Toàn thời gian; Bán thời gian
[HN] Công Ty Công Nghệ Bota Tuyển Dụng Thực Tập Sinh IT Full-time 2021,[HN] Công Ty Công Nghệ Bota ,2 tháng trước,Không cần kinh nghiệm - Đừng lo! Chúng tôi sẽ đào tạo bạn từ đầu. Có kinh nghiệm là điểm cộng!, Từ 1 Triệu - Dưới 4 Triệu VNĐ / Tháng, Hà Nội, Lập trình, Thực tập; Toàn thời gian
[HCM] Công Ty Phần Mềm Ebisol Tuyển Dụng Lập Trình Viên FullStack Full-time 2021,[HCM] Công Ty Phần Mềm Ebisol ,2 tháng trước,Yêu cầu ứng viên phải có kinh nghiệm, Từ 20 Triệu VNĐ trở lên / Tháng, Hồ Chí Minh, Lập trình, Toàn thời gian
[HN] Công Ty Công Nghệ Phần Mềm Lĩnh Vực Y Tế Med247 Tuyển Dụng Mobile Developer Full-time 2021,[HN] Công Ty Công Nghệ Phần Mềm Lĩnh Vực Y Tế Med247 ,2 tháng trước,Yêu cầu ứng viên phải có kinh nghiệm, Từ 10 Triệu - Dưới 15 Triệu VNĐ / Tháng; Từ 15 Triệu - Dưới 20 Triệu VNĐ / Tháng, Hà Nội," Business/ Data Analyst, Business Intelligence(Phân Tích Kinh Doanh); Lập trình", Toàn thời gian
[HN] Công Ty Công Nghệ Phần Mềm Lĩnh Vực Y Tế Med247 Tuyển Dụng Senior Tester Full-time 2021,[HN] Công Ty Công Nghệ Phần Mềm Lĩnh Vực Y Tế Med247 ,2 tháng trước,Yêu cầu ứng viên phải có kinh nghiệm, Thỏa thuận, Hà Nội, Lập trình, Toàn thời gian
"[HN/HCM] Học Viện Beyond Golf Tuyển Dụng Nhân Viên Quản Lý Dự Án, Marketing, Chăm Sóc Khách Hàng, Phát Triển Kinh Doanh & IT Full-time 2021",[HN/HCM] Học Viện Beyond Golf ,2 tháng trước,Không cần kinh nghiệm - Đừng lo! Chúng tôi sẽ đào tạo bạn từ đầu. Có kinh nghiệm là điểm cộng!; Yêu cầu ứng viên phải có kinh nghiệm, Thỏa thuận, Hà Nội; Hồ Chí Minh," Khác; Marketing, Truyền Thông, PR; Lập trình; Bán hàng (Sales)", Toàn thời gian
[Online] Công Ty Công Nghệ Toàn Cầu Inspectorio Tuyển Dụng Nhân Viên QC/Tester Full-time 2021,[Online] Công Ty Công Nghệ Toàn Cầu Inspectorio ,2 tháng trước,Không cần kinh nghiệm - Đừng lo! Chúng tôi sẽ đào tạo bạn từ đầu. Có kinh nghiệm là điểm cộng!; Yêu cầu ứng viên phải có kinh nghiệm, Thỏa thuận, Hồ Chí Minh; Hà Nội; Đà Nẵng; Huế; Khác, Lập trình, Toàn thời gian; Online
"[HCM] Huawei Việt Nam Tuyển Dụng Kỹ Sư Viễn Thông, Kỹ Sư Giải Pháp Sản Phẩm & Quản Lý Khách Hàng Full-time 2021",[HCM] Huawei Việt Nam ,2 tháng trước,Không cần kinh nghiệm - Đừng lo! Chúng tôi sẽ đào tạo bạn từ đầu. Có kinh nghiệm là điểm cộng!; Yêu cầu ứng viên phải có kinh nghiệm, Thỏa thuận, Hà Nội; Hồ Chí Minh," Lập trình; Kỹ sư điện tử, Cơ khí; Khác", Toàn thời gian
[HN] Công Ty Tập Đoàn HVN Tuyển Dụng Nhiều Vị Trí Full-time 2021,[HN] Công Ty Tập Đoàn HVN ,2 tháng trước,Không cần kinh nghiệm - Đừng lo! Chúng tôi sẽ đào tạo bạn từ đầu. Có kinh nghiệm là điểm cộng!; Yêu cầu ứng viên phải có kinh nghiệm, Thỏa thuận, Hà Nội," Marketing, Truyền Thông, PR; Bán hàng (Sales); Hành chính, Nhân sự; Kế toán, Kiểm toán; Tài chính, Chứng khoán, Ngân Hàng; Lập trình; Thiết kế", Toàn thời gian
[HN] Công Ty Sản Xuất Phần Mềm Rikkeisoft Tuyển Dụng Chuyên Viên Quản Lý Chất Lượng Quy Trình (PQA) Full-time 2021,[HN] Công Ty Sản Xuất Phần Mềm Rikkeisoft ,2 tháng trước,Yêu cầu ứng viên phải có kinh nghiệm, Từ 10 Triệu - Dưới 15 Triệu VNĐ / Tháng; Từ 15 Triệu - Dưới 20 Triệu VNĐ / Tháng, Hà Nội, Lập trình; Khác, Toàn thời gian
[HCM] Công Ty Delichill Việt Nam Tuyển Dụng Front - End Full-time 2021,[HCM] Công Ty Delichill Việt Nam ,3 tháng trước,Yêu cầu ứng viên phải có kinh nghiệm, Thỏa thuận, Hồ Chí Minh, Khác; Lập trình, Toàn thời gian
[HCM] Công Ty Delichill Việt Nam Tuyển Dụng Vị Trí Back- End Full-time 2021,[HCM] Công Ty Delichill Việt Nam ,3 tháng trước,Yêu cầu ứng viên phải có kinh nghiệm, Từ 20 Triệu VNĐ trở lên / Tháng, Hồ Chí Minh, Lập trình, Toàn thời gian
[Malaysia] Fuji Xerox Tuyển Dụng Technical Support Engineer Position Full-time 2021,[Malaysia] Fuji Xerox ,4 tháng trước,Không cần kinh nghiệm - Đừng lo! Chúng tôi sẽ đào tạo bạn từ đầu. Có kinh nghiệm là điểm cộng!, Thỏa thuận, Nước Ngoài, Lập trình, Toàn thời gian
[HCM] Titan Technology Corporation Tuyển Dụng .NET Developer Full-time 2020,[HCM] Titan Technology Corporation ,5 tháng trước,Yêu cầu ứng viên phải có kinh nghiệm, Thỏa thuận, Hồ Chí Minh, Lập trình, Toàn thời gian
[HCM] Titan Technology Corporation Tuyển Dụng Reactjs Dev Full-time 2020,[HCM] Titan Technology Corporation ,5 tháng trước,Yêu cầu ứng viên phải có kinh nghiệm, Thỏa thuận, Hồ Chí Minh, Lập trình, Toàn thời gian
[HCM] Kase Edutech Tuyển Dụng Giáo Viên Giảng/Trợ Giảng Dạy Lập Trình Part-time/Full-time 2020,[HCM] Kase Edutech ,7 tháng trước,Yêu cầu ứng viên phải có kinh nghiệm, Thỏa thuận, Hồ Chí Minh," Lập trình; Giáo viên, Trợ giảng", Bán thời gian; Toàn thời gian
"[HN] Chương Trình Tuyển Dụng Thực Tập Sinh Part-Time: ""Lãnh Đạo Tương Lai YBOX Manager Trainee 2021"" Cho Sinh Viên Từ Năm Thứ Nhất (Tuyển Quanh Năm, Có Trợ Cấp)",[HN] Chương Trình ,2 năm trước,Không cần kinh nghiệm - Đừng lo! Chúng tôi sẽ đào tạo bạn từ đầu. Có kinh nghiệm là điểm cộng!, Thỏa thuận, Hà Nội," Marketing, Truyền Thông, PR; Bán hàng (Sales); Hành chính, Nhân sự; Báo chí, Truyền hình; Du lịch, Khách sạn; Tài chính, Chứng khoán, Ngân Hàng; Kế toán, Kiểm toán; Thiết kế; Lập trình; Khác; Biên, Phiên dịch", Tình nguyện; Thực tập; Bán thời gian
[HN] Sự Kiện Công Nghệ Google I/O Extended Hanoi 2018 Tuyển Cộng Tác Viên ,[HN] Sự Kiện Công Nghệ Google I/O Extended Hanoi 2018 Tuyển Cộng Tác Viên,3 năm trước,Không cần kinh nghiệm - Đừng lo! Chúng tôi sẽ đào tạo bạn từ đầu. Có kinh nghiệm là điểm cộng!, Thỏa thuận, Hà Nội," Marketing, Truyền Thông, PR; Hành chính, Nhân sự; Báo chí, Truyền hình; Thiết kế; Lập trình", Tình nguyện
[HN/HCM] Công Ty Công Nghệ Garena Việt Nam Tuyển Dụng Senior CG Video Producer Full-time 2018,[HN/HCM] Công Ty Công Nghệ Garena Việt Nam ,3 năm trước,Không cần kinh nghiệm - Đừng lo! Chúng tôi sẽ đào tạo bạn từ đầu. Có kinh nghiệm là điểm cộng!, Thỏa thuận, Hà Nội; Hồ Chí Minh," Marketing, Truyền Thông, PR; Báo chí, Truyền hình; Thiết kế; Lập trình", Toàn thời gian
[HCM] Everest Education Tuyển Dụng Program Consultant (Sales Executive) 2016,[HCM] Everest Education ,3 năm trước,Không cần kinh nghiệm - Đừng lo! Chúng tôi sẽ đào tạo bạn từ đầu. Có kinh nghiệm là điểm cộng!, Thỏa thuận, Hồ Chí Minh, Bán hàng (Sales); Lập trình, Toàn thời gian
[HN] Công ty TNHH Admatic Tuyển Dụng Cộng Tác Viên Lập Trình Web-PHP-Laravel 2017,[HN] Công ty TNHH Admatic ,3 năm trước,Không cần kinh nghiệm - Đừng lo! Chúng tôi sẽ đào tạo bạn từ đầu. Có kinh nghiệm là điểm cộng!, Thỏa thuận, Hà Nội, Lập trình, Thực tập
[HN] Trung Tâm Nghiên Cứu Pháp Luật Và Chính Sách Phát Triển Bền Vững Tuyển Dụng Thực Tập Sinh 2017,[HN] Trung Tâm Nghiên Cứu Pháp Luật Và Chính Sách Phát Triển Bền Vững ,3 năm trước,Không cần kinh nghiệm - Đừng lo! Chúng tôi sẽ đào tạo bạn từ đầu. Có kinh nghiệm là điểm cộng!, Thỏa thuận, Hà Nội," Marketing, Truyền Thông, PR; Hành chính, Nhân sự; Thiết kế; Lập trình", Thực tập; Bán thời gian
"[HCM] Công Ty Quảng Cáo Trực Tuyến Blueseed Digital Tuyển Dụng Nhiều Vị Trí Hấp Dẫn (Quản lý dự án, Copywriter, Junior Designer,...) 2017",[HCM] Công Ty Quảng Cáo Trực Tuyến Blueseed Digital ,3 năm trước,Không cần kinh nghiệm - Đừng lo! Chúng tôi sẽ đào tạo bạn từ đầu. Có kinh nghiệm là điểm cộng!, Thỏa thuận, Hồ Chí Minh," Marketing, Truyền Thông, PR; Bán hàng (Sales); Báo chí, Truyền hình; Thiết kế; Lập trình", Toàn thời gian
"[HN] CodeGym Việt Nam Tuyển Nhân Viên Sales, Chuyên Viên Phát Triển Chương Trình Đào Tạo Lập Trình Viên 2018","[HN] CodeGym Việt Nam Tuyển Nhân Viên Sales, Chuyên Viên Phát Triển Chương Trình Đào Tạo Lập Trình Viên 201",3 năm trước,Không cần kinh nghiệm - Đừng lo! Chúng tôi sẽ đào tạo bạn từ đầu. Có kinh nghiệm là điểm cộng!, Thỏa thuận, Hà Nội, Lập trình, Toàn thời gian
[HCM] Bệnh Viện Quốc Tế FV Tuyển Dụng Web Designer Part-time/Full-time 2018,[HCM] Bệnh Viện Quốc Tế FV ,3 năm trước,Không cần kinh nghiệm - Đừng lo! Chúng tôi sẽ đào tạo bạn từ đầu. Có kinh nghiệm là điểm cộng!, Thỏa thuận, Hồ Chí Minh, Thiết kế; Lập trình; Khác, Toàn thời gian; Bán thời gian
[HN] VNP Group Tuyển Project Manager 2016,[HN] VNP Group Tuyển Project Manager 201,3 năm trước,Không cần kinh nghiệm - Đừng lo! Chúng tôi sẽ đào tạo bạn từ đầu. Có kinh nghiệm là điểm cộng!, Thỏa thuận, Hà Nội," Marketing, Truyền Thông, PR; Lập trình", Toàn thời gian
"[HN,HCM] GMO-Z.com RUNSYSTEM Tuyển Dụng Nhân Sự Tháng 3,4 2017","[HN,HCM] GMO-Z.com RUNSYSTEM ",3 năm trước,Không cần kinh nghiệm - Đừng lo! Chúng tôi sẽ đào tạo bạn từ đầu. Có kinh nghiệm là điểm cộng!, Thỏa thuận, Hà Nội; Hồ Chí Minh, Lập trình, Toàn thời gian
[HN] Giao Hàng Nhanh Tuyển Dụng General Administrator 2018,[HN] Giao Hàng Nhanh ,3 năm trước,Không cần kinh nghiệm - Đừng lo! Chúng tôi sẽ đào tạo bạn từ đầu. Có kinh nghiệm là điểm cộng!, Thỏa thuận, Hồ Chí Minh," Hành chính, Nhân sự; Lập trình", Toàn thời gian
[HN] FPTS TUYỂN DỤNG THÁNG 09/2016,[HN] FPTS TUYỂN DỤNG THÁNG 09/201,3 năm trước,Không cần kinh nghiệm - Đừng lo! Chúng tôi sẽ đào tạo bạn từ đầu. Có kinh nghiệm là điểm cộng!, Thỏa thuận, Hà Nội," Bán hàng (Sales); Tài chính, Chứng khoán, Ngân Hàng; Lập trình", Thực tập; Toàn thời gian
"[HN,HCM] Công ty Donuts đến từ Nhật Bản tuyển dụng nhiều vị trí lương hấp dẫn 2016","[HN,HCM] Công ty Donuts đến từ Nhật Bản tuyển dụng nhiều vị trí lương hấp dẫn 201",3 năm trước,Không cần kinh nghiệm - Đừng lo! Chúng tôi sẽ đào tạo bạn từ đầu. Có kinh nghiệm là điểm cộng!, Thỏa thuận, Hà Nội; Hồ Chí Minh," Hành chính, Nhân sự; Lập trình", Toàn thời gian; Bán thời gian
[HN] Chương Trình Tuyển Dụng Thực Tập Sinh Lớn Nhất Trong Năm Của Mytour.vn,[HN] Chương Trình ,3 năm trước,Không cần kinh nghiệm - Đừng lo! Chúng tôi sẽ đào tạo bạn từ đầu. Có kinh nghiệm là điểm cộng!, Thỏa thuận, Hà Nội," Marketing, Truyền Thông, PR; Bán hàng (Sales); Hành chính, Nhân sự; Du lịch, Khách sạn; Lập trình", Thực tập
[HN] Navisoft Tuyển Dụng Nhân Viên Hỗ Trợ Vận Hành Onsite 2016 ,[HN] Navisoft ,3 năm trước,Không cần kinh nghiệm - Đừng lo! Chúng tôi sẽ đào tạo bạn từ đầu. Có kinh nghiệm là điểm cộng!, Thỏa thuận, Hà Nội, Lập trình, Toàn thời gian
[HN] Phát Media Tuyển Dụng Lập Trình Viên Unity 2018,[HN] Phát Media ,3 năm trước,Không cần kinh nghiệm - Đừng lo! Chúng tôi sẽ đào tạo bạn từ đầu. Có kinh nghiệm là điểm cộng!, Thỏa thuận, Hà Nội, Lập trình, Toàn thời gian
[HN] Công Ty Dịch Vụ Website SCUTI Tuyển Dụng Senior React JS Developer 2018 (Mức Lương: $800 - $1200),[HN] Công Ty Dịch Vụ Website SCUTI ,3 năm trước,Không cần kinh nghiệm - Đừng lo! Chúng tôi sẽ đào tạo bạn từ đầu. Có kinh nghiệm là điểm cộng!, Thỏa thuận, Hà Nội, Thiết kế; Lập trình, Toàn thời gian
[HCM] Bệnh Viện FV Tuyển Dụng Web Designer Full-time 2018,[HCM] Bệnh Viện FV ,3 năm trước,Không cần kinh nghiệm - Đừng lo! Chúng tôi sẽ đào tạo bạn từ đầu. Có kinh nghiệm là điểm cộng!, Thỏa thuận, Hồ Chí Minh, Thiết kế; Lập trình, Toàn thời gian
"[HN] PROJECT MANAGER (500$ - 800$), on-board ASAP in November ","[HN] PROJECT MANAGER (500$ - 800$), on-board ASAP in November",3 năm trước,Không cần kinh nghiệm - Đừng lo! Chúng tôi sẽ đào tạo bạn từ đầu. Có kinh nghiệm là điểm cộng!, Thỏa thuận, Hà Nội, Khác; Lập trình, Toàn thời gian
[HCM] Synova Vietnam Tuyển Dụng Vị Trí IT Admin 2017,[HCM] Synova Vietnam ,3 năm trước,Không cần kinh nghiệm - Đừng lo! Chúng tôi sẽ đào tạo bạn từ đầu. Có kinh nghiệm là điểm cộng!, Thỏa thuận, Hồ Chí Minh, Lập trình, Toàn thời gian
[HN] BSS Group Tuyển Dụng Vị Trí Marketing Assistant & Software Tester 2017,[HN] BSS Group ,3 năm trước,Không cần kinh nghiệm - Đừng lo! Chúng tôi sẽ đào tạo bạn từ đầu. Có kinh nghiệm là điểm cộng!, Thỏa thuận, Hà Nội," Marketing, Truyền Thông, PR; Lập trình", Toàn thời gian
[HN] Viện Kinh Tế Và Thương Mại Quốc Tế Tuyển Dụng Trợ Lý Phụ Trách Đào Tạo Và Nhân Viên IT 2016,[HN] Viện Kinh Tế Và Thương Mại Quốc Tế ,3 năm trước,Không cần kinh nghiệm - Đừng lo! Chúng tôi sẽ đào tạo bạn từ đầu. Có kinh nghiệm là điểm cộng!, Thỏa thuận, Hà Nội," Marketing, Truyền Thông, PR; Thiết kế; Lập trình; Khác", Bán thời gian
" NOVAON Tuyển Dụng Business Development, Nhân Viên Chăm Sóc Khách Hàng, Lập Trình Viên .NET & Nhiều Vị Trí Khác 2016", NOVAON ,3 năm trước,Không cần kinh nghiệm - Đừng lo! Chúng tôi sẽ đào tạo bạn từ đầu. Có kinh nghiệm là điểm cộng!, Thỏa thuận, Hà Nội; Hồ Chí Minh," Marketing, Truyền Thông, PR; Bán hàng (Sales); Lập trình", Thực tập; Toàn thời gian
[HN] Đơn Vị Chuyên Cung Cấp Dịch Vụ Cho Nhà Đầu Tư Cá Nhân Và Tổ Chức Tài Chính FireAnt Tuyển Dụng Nhân Viên Hỗ Trợ Khách Hàng Full-time 2018,[HN] Đơn Vị Chuyên Cung Cấp Dịch Vụ Cho Nhà Đầu Tư Cá Nhân Và Tổ Chức Tài Chính FireAnt ,3 năm trước,Không cần kinh nghiệm - Đừng lo! Chúng tôi sẽ đào tạo bạn từ đầu. Có kinh nghiệm là điểm cộng!, Thỏa thuận, Hà Nội," Tài chính, Chứng khoán, Ngân Hàng; Lập trình", Toàn thời gian
[HCM] Unik Technology Tuyển Dụng Developers 2017,[HCM] Unik Technology ,3 năm trước,Không cần kinh nghiệm - Đừng lo! Chúng tôi sẽ đào tạo bạn từ đầu. Có kinh nghiệm là điểm cộng!, Thỏa thuận, Hồ Chí Minh, Lập trình; Khác, Toàn thời gian
[HCM] Công Ty Quảng Cáo Cổng Việt Nam Adsplus.vn - Đối Tác Cấp Cao Của Google Tuyển Dụng Lập Trình Viên Front End Full-time 2018 (Mức Lương 300 - 1000 USD),[HCM] Công Ty Quảng Cáo Cổng Việt Nam Adsplus.vn - Đối Tác Cấp Cao Của Google ,3 năm trước,Không cần kinh nghiệm - Đừng lo! Chúng tôi sẽ đào tạo bạn từ đầu. Có kinh nghiệm là điểm cộng!, Thỏa thuận, Hồ Chí Minh, Lập trình, Toàn thời gian
[HN] Chương Trình Marketing Mangament Trainee - Change Your Life In 6 Months Tuyển Dụng Nhân Viên Marketing Full-time 2017,[HN] Chương Trình Marketing Mangament Trainee - Change Your Life In 6 Months ,3 năm trước,Không cần kinh nghiệm - Đừng lo! Chúng tôi sẽ đào tạo bạn từ đầu. Có kinh nghiệm là điểm cộng!, Thỏa thuận, Hà Nội," Marketing, Truyền Thông, PR; Lập trình", Toàn thời gian
[HCM] Công Ty Cổ Phần Giao Nhận Vận Chuyển Indo Trần Tuyển Thực Tập Sinh C# 2017,[HCM] Công Ty Cổ Phần Giao Nhận Vận Chuyển Indo Trần Tuyển Thực Tập Sinh C# 201,3 năm trước,Không cần kinh nghiệm - Đừng lo! Chúng tôi sẽ đào tạo bạn từ đầu. Có kinh nghiệm là điểm cộng!, Thỏa thuận, Hồ Chí Minh, Lập trình, Thực tập
"[HN] Công Ty Cổ Phần Công Nghệ BNC Tuyển Dụng Nhân Viên Thiết Kế Logo, Banner 2017",[HN] Công Ty Cổ Phần Công Nghệ BNC ,3 năm trước,Không cần kinh nghiệm - Đừng lo! Chúng tôi sẽ đào tạo bạn từ đầu. Có kinh nghiệm là điểm cộng!, Thỏa thuận, Hà Nội," Marketing, Truyền Thông, PR; Thiết kế; Lập trình", Toàn thời gian
[Hải Phòng] General Electric (GE) Tuyển Thực Tập Sinh 2017,[Hải Phòng] General Electric (GE) Tuyển Thực Tập Sinh 201,3 năm trước,Không cần kinh nghiệm - Đừng lo! Chúng tôi sẽ đào tạo bạn từ đầu. Có kinh nghiệm là điểm cộng!, Thỏa thuận, Khác," Marketing, Truyền Thông, PR; Bán hàng (Sales); Hành chính, Nhân sự; Báo chí, Truyền hình; Du lịch, Khách sạn; Tài chính, Chứng khoán, Ngân Hàng; Kế toán, Kiểm toán; Thiết kế; Lập trình", Thực tập; Toàn thời gian
[HCM] AMANOTES GAME STUDIO Tuyển Dụng Senior Unity Developer 2017,[HCM] AMANOTES GAME STUDIO ,4 năm trước,Không cần kinh nghiệm - Đừng lo! Chúng tôi sẽ đào tạo bạn từ đầu. Có kinh nghiệm là điểm cộng!, Thỏa thuận, Hồ Chí Minh, Lập trình, Toàn thời gian
"[HN] Công Ty Cổ phần BUCA Tuyển Dụng WINFORM + WEB APP (.NET, MVC, ASP.NET) 2017",[HN] Công Ty Cổ phần BUCA ,4 năm trước,Không cần kinh nghiệm - Đừng lo! Chúng tôi sẽ đào tạo bạn từ đầu. Có kinh nghiệm là điểm cộng!, Thỏa thuận, Hà Nội, Lập trình, Toàn thời gian
[HN] Công Ty TNHH Giải Pháp Phần Mềm Onlinebiz Tuyển Nhân Viên Học Việc Thiết Kế Đồ Họa Website Tháng 4/2017,[HN] Công Ty TNHH Giải Pháp Phần Mềm Onlinebiz Tuyển Nhân Viên Học Việc Thiết Kế Đồ Họa Website Tháng 4/201,4 năm trước,Không cần kinh nghiệm - Đừng lo! Chúng tôi sẽ đào tạo bạn từ đầu. Có kinh nghiệm là điểm cộng!, Thỏa thuận, Hà Nội, Thiết kế; Lập trình, Toàn thời gian
[HN] Viet Prestige Travel Tuyển Nhân Viên Thiết Kế Web 2016,[HN] Viet Prestige Travel Tuyển Nhân Viên Thiết Kế Web 201,4 năm trước,Không cần kinh nghiệm - Đừng lo! Chúng tôi sẽ đào tạo bạn từ đầu. Có kinh nghiệm là điểm cộng!, Thỏa thuận, Hà Nội, Lập trình, Toàn thời gian
[Toàn Quốc] YBOX.VN - Youth Confessions CTV Video Editor Part-time 2021 - Dành Cho Sinh Viên Từ Năm Thứ Nhất,[Toàn Quốc] YBOX.VN - Youth Confessions CTV Video Editor Part-time 2021 - Dành Cho Sinh Viên Từ Năm Thứ Nhấ,13 ngày trước,Không cần kinh nghiệm - Đừng lo! Chúng tôi sẽ đào tạo bạn từ đầu. Có kinh nghiệm là điểm cộng!, Không lương, Hà Nội; Hồ Chí Minh; Đà Nẵng; Huế; Khác," Biên, Phiên dịch; Khác", Online; Tình nguyện; Bán thời gian; Khác; Thực tập
[Online] Công Ty Văn Hóa Và Truyền Thông Skybooks Việt Nam Tuyển Dụng Cộng Tác Viên Dịch Tiếng Anh Part-time 2021,[Online] Công Ty Văn Hóa Và Truyền Thông Skybooks Việt Nam ,10 ngày trước,Không cần kinh nghiệm - Đừng lo! Chúng tôi sẽ đào tạo bạn từ đầu. Có kinh nghiệm là điểm cộng!; Yêu cầu ứng viên phải có kinh nghiệm, Thỏa thuận, Khác; Hà Nội; Hồ Chí Minh; Đà Nẵng; Huế," Biên, Phiên dịch", Online; Bán thời gian
"[HN/HCM/Bình Dương/Hải Phòng] AEON MALL Việt Nam Tuyển Dụng Nhân Viên Full-time: Marketing, Hành Chính, Kế Toán, Cho Thuê, Phát Triển, Kinh Doanh, Quản Lý Cơ Sở Vật Chất & An Ninh 2021 (Không Yêu Cầu Kinh Nghiệm, Mức Lương 8,500,000 - 14,000,000 VNĐ/Tháng, Có Xe Đưa Đón Hàng Ngày)",[HN/HCM/Bình Dương/Hải Phòng] AEON MALL Việt Nam ,"Hôm kia[HN/HCM/Bình Dương/Hải Phòng] AEON MALL Việt Nam Tuyển Dụng Nhân Viên Full-time: Marketing, Hành Chính, Kế Toán, Cho Thuê, Phát Triển, Kinh Doanh, Quản Lý Cơ Sở Vật Chất & An Ninh 2021 (Không Yêu Cầu Kinh Nghiệm, Mức Lương 8,500,000 - 14,000,000 VNĐ/Tháng, Có Xe Đưa Đón Hàng Ngày)Hạn cuối: 2021-6-8 Kinh nghiệm: Không cần kinh nghiệm - Đừng lo! Chúng tôi sẽ đào tạo bạn từ đầu. Có kinh nghiệm là điểm cộng! -  Mức lương: Thỏa thuận -  Địa điểm: Hà Nội; Hồ Chí Minh; Khác -  Chuyên môn: Marketing, Truyền Thông, PR; Bán hàng (Sales); Hành chính, Nhân sự; Kế toán, Kiểm toán; Thiết kế; Khác -  Tính chất công việc: Toàn thời gianAEON MALL là một nhà phát triển trung tâm thương mại chuyên biệt. Với phương châm “Khách hàng là trên hết”, chúng tôi đã nỗ lực tạo ra các trung tâm thương mại nhằm nâng cao chất lượng cuộc sống, khuyến khích các hoạt động kinh tế ở địa phương, và đóng góp vào cuộc sống, văn hoá cộng đồng. Ngoài ra, AEON MALL còn hợp tác trong việc xây dựng các cộng đồng năng động và thú vị. Chúng tôi sẽ sử dụng khả năng và kinh nghiệm của mình để tiếp tục mang đến những giá trị mới nhằm thu hút khách hàng, cống hiến cho cộng đồng và xã hội.Là một trong số những môi trường làm việc thu hút nhất (bình chọn bởi CareerBuilder), AEON MALL Việt Nam luôn nỗ lực hết mình trong việc phát triển nguồn nhân lực, xây dựng văn hóa doanh nghiệp và môi trường lý tưởng cho nhân viên được phát huy tối đa khả năng của mình.I. Trụ sở chính tại Hà Nội và Hồ Chí Minh1.  NHÂN VIÊN CHO THUÊ (Hà Nội – Code: 055, Hồ Chí Minh - Code: 040)Mô tả công việc Chịu trách nhiệm cho thuê đối với hạng mục Ẩm thực, Thời trang và dịch vụ khác. Khảo sát đối thủ cạnh tranh và thị trường bán lẻ Hợp tác với các thành viên trong nhóm để đưa ra ý tưởng, ngân sách và đối tượng thuê cho danh mục phụ tráchTìm kiếm các khách thuê tiềm năng, thuyết trình về dự án với khách thuê Thương lượng các điều kiện thuê và hợp đồng với khác thuê Theo dõi và hỗ trợ khách thuê trong thời gian fit-out để đảm bảo tiến độ khai trương Chuẩn bị hồ sơ cho thuê (hợp đồng, đề nghị chấp thuận, báo cáo...) Phối hợp với các bộ phận khác để hỗ trợ khách thuê và giải quyết các vấn đề liên quan Các nhiệm vụ khác theo sự phân công của Quản lý cho thuê Yêu cầu công việc Tốt nghiệp Đại học Không yêu cầu kinh nghiệm. Có kinh nghiệm Sales, Leasing được ưu tiên. Kỹ năng vi tính văn phòng tốt (Word, Excel, PowerPoint) Giao tiếp tốt bằng tiếng Anh và tiếng Việt Cẩn thận và chính xác, có tinh thần làm việc nhómAPPLY HERE: - Hà Nội: https://aeonmall-vietnam.com/vi/recruitment/nhan-vien-cho-thue/                         - Hồ Chí Minh: https://aeonmall-vietnam.com/vi/recruitment/040-nhan-vien-cho-thue/2. NHÂN VIÊN KẾ HOẠCH CHO THUÊ (Hà Nội - Code: 014; Hồ Chí Minh – Code: 026) Mô tả công việc:Chuẩn bị cho các dự án mới (lập kế hoạch mặt hàng cho thuê, ngân sách, layout, danh sách gian hành, bài thuyết trình, nghiên cứu thị trường…)Phân tích tình hình các Trung tâm thương mại hiện tại và đưa ra kế hoạch cải tiếnPhân tích và cập nhật thông tin các đối thủ cạnh tranh hoặc thị trường bán lẻPhát triển mối quan hệ hợp tác toàn diện với khách thuê chủ lực và xử lý công việc liên quan đến khách thuê chính trong giai đoạn trước",Không cần kinh nghiệm - Đừng lo! Chúng tôi sẽ đào tạo bạn từ đầu. Có kinh nghiệm là điểm cộng!, Thỏa thuận, Hà Nội; Hồ Chí Minh; Khác," Marketing, Truyền Thông, PR; Bán hàng (Sales); Hành chính, Nhân sự; Kế toán, Kiểm toán; Thiết kế; Khác", Toàn thời gian
[HN/HCM] Cửa Hàng Zara Tuyển Dụng Các Vị Trí Part-time Ngắn Hạn (1Tháng) Hè 2021,[HN/HCM] Cửa Hàng Zara ,7 ngày trước,Không cần kinh nghiệm - Đừng lo! Chúng tôi sẽ đào tạo bạn từ đầu. Có kinh nghiệm là điểm cộng!; Yêu cầu ứng viên phải có kinh nghiệm, Từ 4 Triệu - Dưới 8 Triệu VNĐ / Tháng, Hà Nội; Hồ Chí Minh, Bán hàng (Sales), Bán thời gian
 [HN] Esoft - Công Ty Công Nghệ Có Trụ Sở Tại Đan Mach Tuyển Dụng Thực Tập Sinh Tuyển Dụng Full-time 2021, [HN] Esoft - Công Ty Công Nghệ Có Trụ Sở Tại Đan Mach ,16 ngày trước,Không cần kinh nghiệm - Đừng lo! Chúng tôi sẽ đào tạo bạn từ đầu. Có kinh nghiệm là điểm cộng!, Từ 4 Triệu - Dưới 8 Triệu VNĐ / Tháng, Hà Nội," Hành chính, Nhân sự", Toàn thời gian; Thực tập
[Toàn Quốc] Chương Trình Giám Sát Kinh Doanh Tài Năng - Sales Trainee Program 2021 Tại Tập Đoàn Đa Quốc Gia Mondelez Internatinonal,[Toàn Quốc] Chương Trình Giám Sát Kinh Doanh Tài Năng - Sales Trainee Program 2021 Tại Tập Đoàn Đa Quốc Gia Mondelez Internatinona,15 ngày trước,Không cần kinh nghiệm - Đừng lo! Chúng tôi sẽ đào tạo bạn từ đầu. Có kinh nghiệm là điểm cộng!, Thỏa thuận, Hà Nội; Hồ Chí Minh; Đà Nẵng; Huế; Khác, Bán hàng (Sales), Toàn thời gian
